SITE,DATE,DATE,Watershed,WEIR-REP,Sample ID
Hubbard Brook ,3/25/2019,3/25/2019,HBK,HBK-01,ST190036
Hubbard Brook ,4/1/2019,4/1/2019,HBK,HBK-01,ST190076
Hubbard Brook ,4/8/2019,4/8/2019,HBK,HBK-01,
Hubbard Brook ,4/15/2019,4/15/2019,HBK,HBK-01,ST190116
Hubbard Brook ,4/22/2019,4/22/2019,HBK,HBK-01,ST190156
Hubbard Brook ,4/29/2019,4/29/2019,HBK,HBK-01,ST190196
Hubbard Brook ,5/6/2019,5/6/2019,HBK,HBK-01,ST190236
Hubbard Brook ,5/13/2019,5/13/2019,HBK,HBK-01,ST190276
Hubbard Brook ,5/20/2019,5/20/2019,HBK,HBK-01,ST190316
Hubbard Brook ,5/28/2019,5/28/2019,HBK,HBK-01,ST190356
Hubbard Brook ,6/2/2019,6/2/2019,HBK,HBK-01,ST190396
Hubbard Brook ,6/10/2019,6/10/2019,HBK,HBK-01,ST190436
Hubbard Brook ,6/17/2019,6/17/2019,HBK,HBK-01,ST190476
Hubbard Brook ,6/24/2019,6/24/2019,HBK,HBK-01,ST190516
Hubbard Brook ,7/1/2019,7/1/2019,HBK,HBK-01,ST190556
Hubbard Brook ,7/8/2019,7/8/2019,HBK,HBK-01,ST190596
Hubbard Brook ,7/15/2019,7/15/2019,HBK,HBK-01,ST190636
Hubbard Brook ,7/22/2019,7/22/2019,HBK,HBK-01,ST190676
Hubbard Brook ,7/29/2019,7/29/2019,HBK,HBK-01,ST190716
Hubbard Brook ,8/5/2019,8/5/2019,HBK,HBK-01,ST190756
Hubbard Brook ,8/12/2019,8/12/2019,HBK,HBK-01,ST190796
Hubbard Brook ,8/19/2019,8/19/2019,HBK,HBK-01,ST190836
Hubbard Brook ,8/26/2019,8/26/2019,HBK,HBK-01,ST190876
Hubbard Brook ,9/3/2019,9/3/2019,HBK,HBK-01,ST190916
Hubbard Brook ,9/9/2019,9/9/2019,HBK,HBK-01,ST190956
Hubbard Brook ,9/16/2019,9/16/2019,HBK,HBK-01,ST191996
Hubbard Brook ,9/23/2019,9/23/2019,HBK,HBK-01,ST191036
Hubbard Brook ,9/30/2019,9/30/2019,HBK,HBK-01,ST191076
Hubbard Brook ,10/7/2019,10/7/2019,HBK,HBK-01,ST191116
Hubbard Brook ,10/15/2019,10/15/2019,HBK,HBK-01,ST191156
Hubbard Brook ,10/21/2019,10/21/2019,HBK,HBK-01,ST191196
Hubbard Brook ,10/28/2019,10/28/2019,HBK,HBK-01,ST191236
Hubbard Brook ,11/4/2019,11/4/2019,HBK,HBK-01,ST191276
Hubbard Brook ,11/11/2019,11/11/2019,HBK,HBK-01,ST191316
Hubbard Brook ,11/18/2019,11/18/2019,HBK,HBK-01,ST191356
Hubbard Brook ,11/25/2019,11/25/2019,HBK,HBK-01,ST191396
Hubbard Brook ,12/3/2019,12/3/2019,HBK,HBK-01,ST191436
Hubbard Brook ,3/25/2019,3/25/2019,HBK,HBK-02,ST190037
Hubbard Brook ,4/1/2019,4/1/2019,HBK,HBK-02,ST190077
Hubbard Brook ,4/8/2019,4/8/2019,HBK,HBK-02,
Hubbard Brook ,4/15/2019,4/15/2019,HBK,HBK-02,ST190117
Hubbard Brook ,4/22/2019,4/22/2019,HBK,HBK-02,ST190157
Hubbard Brook ,4/29/2019,4/29/2019,HBK,HBK-02,ST190197
Hubbard Brook ,5/6/2019,5/6/2019,HBK,HBK-02,ST190237
Hubbard Brook ,5/13/2019,5/13/2019,HBK,HBK-02,ST190277
Hubbard Brook ,5/20/2019,5/20/2019,HBK,HBK-02,ST190317
Hubbard Brook ,5/28/2019,5/28/2019,HBK,HBK-02,ST190357
Hubbard Brook ,6/2/2019,6/2/2019,HBK,HBK-02,ST190397
Hubbard Brook ,6/10/2019,6/10/2019,HBK,HBK-02,ST190437
Hubbard Brook ,6/17/2019,6/17/2019,HBK,HBK-02,ST190477
Hubbard Brook ,6/24/2019,6/24/2019,HBK,HBK-02,ST190517
Hubbard Brook ,7/1/2019,7/1/2019,HBK,HBK-02,ST190557
Hubbard Brook ,7/8/2019,7/8/2019,HBK,HBK-02,ST190597
Hubbard Brook ,7/15/2019,7/15/2019,HBK,HBK-02,ST190637
Hubbard Brook ,7/22/2019,7/22/2019,HBK,HBK-02,ST190677
Hubbard Brook ,7/29/2019,7/29/2019,HBK,HBK-02,ST190717
Hubbard Brook ,8/5/2019,8/5/2019,HBK,HBK-02,ST190757
Hubbard Brook ,8/12/2019,8/12/2019,HBK,HBK-02,ST190797
Hubbard Brook ,8/19/2019,8/19/2019,HBK,HBK-02,ST190837
Hubbard Brook ,8/26/2019,8/26/2019,HBK,HBK-02,ST190877
Hubbard Brook ,9/3/2019,9/3/2019,HBK,HBK-02,ST190917
Hubbard Brook ,9/9/2019,9/9/2019,HBK,HBK-02,ST190957
Hubbard Brook ,9/16/2019,9/16/2019,HBK,HBK-02,ST191997
Hubbard Brook ,9/23/2019,9/23/2019,HBK,HBK-02,ST191037
Hubbard Brook ,9/30/2019,9/30/2019,HBK,HBK-02,ST191077
Hubbard Brook ,10/7/2019,10/7/2019,HBK,HBK-02,ST191117
Hubbard Brook ,10/15/2019,10/15/2019,HBK,HBK-02,ST191157
Hubbard Brook ,10/21/2019,10/21/2019,HBK,HBK-02,ST191197
Hubbard Brook ,10/28/2019,10/28/2019,HBK,HBK-02,ST191237
Hubbard Brook ,11/4/2019,11/4/2019,HBK,HBK-02,ST191277
Hubbard Brook ,11/11/2019,11/11/2019,HBK,HBK-02,ST191317
Hubbard Brook ,11/18/2019,11/18/2019,HBK,HBK-02,ST191357
Hubbard Brook ,11/25/2019,11/25/2019,HBK,HBK-02,ST191397
Hubbard Brook ,12/3/2019,12/3/2019,HBK,HBK-02,ST191437
Hubbard Brook ,3/25/2019,3/25/2019,HBK,HBK-03,ST190038
Hubbard Brook ,4/1/2019,4/1/2019,HBK,HBK-03,ST190078
Hubbard Brook ,4/8/2019,4/8/2019,HBK,HBK-03,
Hubbard Brook ,4/15/2019,4/15/2019,HBK,HBK-03,ST190118
Hubbard Brook ,4/22/2019,4/22/2019,HBK,HBK-03,ST190158
Hubbard Brook ,4/29/2019,4/29/2019,HBK,HBK-03,ST190198
Hubbard Brook ,5/6/2019,5/6/2019,HBK,HBK-03,ST190238
Hubbard Brook ,5/13/2019,5/13/2019,HBK,HBK-03,ST190278
Hubbard Brook ,5/20/2019,5/20/2019,HBK,HBK-03,ST190318
Hubbard Brook ,5/28/2019,5/28/2019,HBK,HBK-03,ST190358
Hubbard Brook ,6/2/2019,6/2/2019,HBK,HBK-03,ST190398
Hubbard Brook ,6/10/2019,6/10/2019,HBK,HBK-03,ST190438
Hubbard Brook ,6/17/2019,6/17/2019,HBK,HBK-03,ST190478
Hubbard Brook ,6/24/2019,6/24/2019,HBK,HBK-03,ST190518
Hubbard Brook ,7/1/2019,7/1/2019,HBK,HBK-03,ST190558
Hubbard Brook ,7/8/2019,7/8/2019,HBK,HBK-03,ST190598
Hubbard Brook ,7/15/2019,7/15/2019,HBK,HBK-03,ST190638
Hubbard Brook ,7/22/2019,7/22/2019,HBK,HBK-03,ST190678
Hubbard Brook ,7/29/2019,7/29/2019,HBK,HBK-03,ST190718
Hubbard Brook ,8/5/2019,8/5/2019,HBK,HBK-03,ST190758
Hubbard Brook ,8/12/2019,8/12/2019,HBK,HBK-03,ST190798
Hubbard Brook ,8/19/2019,8/19/2019,HBK,HBK-03,ST190838
Hubbard Brook ,8/26/2019,8/26/2019,HBK,HBK-03,ST190878
Hubbard Brook ,9/3/2019,9/3/2019,HBK,HBK-03,ST190918
Hubbard Brook ,9/9/2019,9/9/2019,HBK,HBK-03,ST190958
Hubbard Brook ,9/16/2019,9/16/2019,HBK,HBK-03,ST191998
Hubbard Brook ,9/23/2019,9/23/2019,HBK,HBK-03,ST191038
Hubbard Brook ,9/30/2019,9/30/2019,HBK,HBK-03,ST191078
Hubbard Brook ,10/7/2019,10/7/2019,HBK,HBK-03,ST191118
Hubbard Brook ,10/15/2019,10/15/2019,HBK,HBK-03,ST191158
Hubbard Brook ,10/21/2019,10/21/2019,HBK,HBK-03,ST191198
Hubbard Brook ,10/28/2019,10/28/2019,HBK,HBK-03,ST191238
Hubbard Brook ,11/4/2019,11/4/2019,HBK,HBK-03,ST191278
Hubbard Brook ,11/11/2019,11/11/2019,HBK,HBK-03,ST191318
Hubbard Brook ,11/18/2019,11/18/2019,HBK,HBK-03,ST191358
Hubbard Brook ,11/25/2019,11/25/2019,HBK,HBK-03,ST191398
Hubbard Brook ,12/3/2019,12/3/2019,HBK,HBK-03,ST191438
Hubbard Brook ,3/25/2019,3/25/2019,HBK,HBK-04,ST190039
Hubbard Brook ,4/1/2019,4/1/2019,HBK,HBK-04,ST190079
Hubbard Brook ,4/8/2019,4/8/2019,HBK,HBK-04,
Hubbard Brook ,4/15/2019,4/15/2019,HBK,HBK-04,ST190119
Hubbard Brook ,4/22/2019,4/22/2019,HBK,HBK-04,ST190159
Hubbard Brook ,4/29/2019,4/29/2019,HBK,HBK-04,ST190199
Hubbard Brook ,5/6/2019,5/6/2019,HBK,HBK-04,ST190239
Hubbard Brook ,5/13/2019,5/13/2019,HBK,HBK-04,ST190279
Hubbard Brook ,5/20/2019,5/20/2019,HBK,HBK-04,ST190319
Hubbard Brook ,5/28/2019,5/28/2019,HBK,HBK-04,ST190359
Hubbard Brook ,6/2/2019,6/2/2019,HBK,HBK-04,ST190399
Hubbard Brook ,6/10/2019,6/10/2019,HBK,HBK-04,ST190439
Hubbard Brook ,6/17/2019,6/17/2019,HBK,HBK-04,ST190479
Hubbard Brook ,6/24/2019,6/24/2019,HBK,HBK-04,ST190519
Hubbard Brook ,7/1/2019,7/1/2019,HBK,HBK-04,ST190559
Hubbard Brook ,7/8/2019,7/8/2019,HBK,HBK-04,ST19599
Hubbard Brook ,7/15/2019,7/15/2019,HBK,HBK-04,ST190639
Hubbard Brook ,7/22/2019,7/22/2019,HBK,HBK-04,ST190679
Hubbard Brook ,7/29/2019,7/29/2019,HBK,HBK-04,ST190719
Hubbard Brook ,8/5/2019,8/5/2019,HBK,HBK-04,ST190759
Hubbard Brook ,8/12/2019,8/12/2019,HBK,HBK-04,ST190799
Hubbard Brook ,8/19/2019,8/19/2019,HBK,HBK-04,ST190839
Hubbard Brook ,8/26/2019,8/26/2019,HBK,HBK-04,ST190879
Hubbard Brook ,9/3/2019,9/3/2019,HBK,HBK-04,ST190919
Hubbard Brook ,9/9/2019,9/9/2019,HBK,HBK-04,ST190959
Hubbard Brook ,9/16/2019,9/16/2019,HBK,HBK-04,ST191999
Hubbard Brook ,9/23/2019,9/23/2019,HBK,HBK-04,ST191039
Hubbard Brook ,9/30/2019,9/30/2019,HBK,HBK-04,ST191079
Hubbard Brook ,10/7/2019,10/7/2019,HBK,HBK-04,ST191119
Hubbard Brook ,10/15/2019,10/15/2019,HBK,HBK-04,ST191159
Hubbard Brook ,10/21/2019,10/21/2019,HBK,HBK-04,ST191199
Hubbard Brook ,10/28/2019,10/28/2019,HBK,HBK-04,ST191239
Hubbard Brook ,11/4/2019,11/4/2019,HBK,HBK-04,ST191279
Hubbard Brook ,11/11/2019,11/11/2019,HBK,HBK-04,ST191319
Hubbard Brook ,11/18/2019,11/18/2019,HBK,HBK-04,ST191359
Hubbard Brook ,11/25/2019,11/25/2019,HBK,HBK-04,ST191399
Hubbard Brook ,12/3/2019,12/3/2019,HBK,HBK-04,ST191439
Hubbard Brook ,3/25/2019,3/25/2019,HBK,HBK-05,ST190040
Hubbard Brook ,4/1/2019,4/1/2019,HBK,HBK-05,ST190080
Hubbard Brook ,4/8/2019,4/8/2019,HBK,HBK-05,
Hubbard Brook ,4/15/2019,4/15/2019,HBK,HBK-05,ST190120
Hubbard Brook ,4/22/2019,4/22/2019,HBK,HBK-05,ST190160
Hubbard Brook ,4/29/2019,4/29/2019,HBK,HBK-05,ST190200
Hubbard Brook ,5/6/2019,5/6/2019,HBK,HBK-05,ST190240
Hubbard Brook ,5/13/2019,5/13/2019,HBK,HBK-05,ST190280
Hubbard Brook ,5/20/2019,5/20/2019,HBK,HBK-05,ST190320
Hubbard Brook ,5/28/2019,5/28/2019,HBK,HBK-05,ST190360
Hubbard Brook ,6/2/2019,6/2/2019,HBK,HBK-05,ST190400
Hubbard Brook ,6/10/2019,6/10/2019,HBK,HBK-05,ST190440
Hubbard Brook ,6/17/2019,6/17/2019,HBK,HBK-05,ST190480
Hubbard Brook ,6/24/2019,6/24/2019,HBK,HBK-05,ST190520
Hubbard Brook ,7/1/2019,7/1/2019,HBK,HBK-05,ST190560
Hubbard Brook ,7/8/2019,7/8/2019,HBK,HBK-05,ST190600
Hubbard Brook ,7/15/2019,7/15/2019,HBK,HBK-05,ST190640
Hubbard Brook ,7/22/2019,7/22/2019,HBK,HBK-05,ST190680
Hubbard Brook ,7/29/2019,7/29/2019,HBK,HBK-05,ST190720
Hubbard Brook ,8/5/2019,8/5/2019,HBK,HBK-05,ST190760
Hubbard Brook ,8/12/2019,8/12/2019,HBK,HBK-05,ST190800
Hubbard Brook ,8/19/2019,8/19/2019,HBK,HBK-05,ST190840
Hubbard Brook ,8/26/2019,8/26/2019,HBK,HBK-05,ST190880
Hubbard Brook ,9/3/2019,9/3/2019,HBK,HBK-05,ST190920
Hubbard Brook ,9/9/2019,9/9/2019,HBK,HBK-05,ST190960
Hubbard Brook ,9/16/2019,9/16/2019,HBK,HBK-05,ST191000
Hubbard Brook ,9/23/2019,9/23/2019,HBK,HBK-05,ST191040
Hubbard Brook ,9/30/2019,9/30/2019,HBK,HBK-05,ST191080
Hubbard Brook ,10/7/2019,10/7/2019,HBK,HBK-05,ST191120
Hubbard Brook ,10/15/2019,10/15/2019,HBK,HBK-05,ST191160
Hubbard Brook ,10/21/2019,10/21/2019,HBK,HBK-05,ST191200
Hubbard Brook ,10/28/2019,10/28/2019,HBK,HBK-05,ST191240
Hubbard Brook ,11/4/2019,11/4/2019,HBK,HBK-05,ST191280
Hubbard Brook ,11/11/2019,11/11/2019,HBK,HBK-05,ST191320
Hubbard Brook ,11/18/2019,11/18/2019,HBK,HBK-05,ST191360
Hubbard Brook ,11/25/2019,11/25/2019,HBK,HBK-05,ST191400
Hubbard Brook ,12/3/2019,12/3/2019,HBK,HBK-05,ST191440
Hubbard Brook ,3/25/2019,3/25/2019,1,W1-01,ST190001
Hubbard Brook ,4/1/2019,4/1/2019,1,W1-01,ST190041
Hubbard Brook ,4/8/2019,4/8/2019,1,W1-01,
Hubbard Brook ,4/15/2019,4/15/2019,1,W1-01,ST190081
Hubbard Brook ,4/22/2019,4/22/2019,1,W1-01,ST190121
Hubbard Brook ,4/29/2019,4/29/2019,1,W1-01,ST190161
Hubbard Brook ,5/6/2019,5/6/2019,1,W1-01,ST190201
Hubbard Brook ,5/13/2019,5/13/2019,1,W1-01,ST190241
Hubbard Brook ,5/20/2019,5/20/2019,1,W1-01,ST190281
Hubbard Brook ,5/28/2019,5/28/2019,1,W1-01,ST190321
Hubbard Brook ,6/2/2019,6/2/2019,1,W1-01,ST190361
Hubbard Brook ,6/10/2019,6/10/2019,1,W1-01,ST190401
Hubbard Brook ,6/17/2019,6/17/2019,1,W1-01,ST190441
Hubbard Brook ,6/24/2019,6/24/2019,1,W1-01,ST190481
Hubbard Brook ,7/1/2019,7/1/2019,1,W1-01,ST190521
Hubbard Brook ,7/8/2019,7/8/2019,1,W1-01,ST190561
Hubbard Brook ,7/15/2019,7/15/2019,1,W1-01,ST190601
Hubbard Brook ,7/22/2019,7/22/2019,1,W1-01,ST190641
Hubbard Brook ,7/29/2019,7/29/2019,1,W1-01,ST190681
Hubbard Brook ,8/5/2019,8/5/2019,1,W1-01,ST190721
Hubbard Brook ,8/12/2019,8/12/2019,1,W1-01,ST190761
Hubbard Brook ,8/19/2019,8/19/2019,1,W1-01,ST190801
Hubbard Brook ,8/26/2019,8/26/2019,1,W1-01,ST190841
Hubbard Brook ,9/3/2019,9/3/2019,1,W1-01,ST190881
Hubbard Brook ,9/9/2019,9/9/2019,1,W1-01,ST190921
Hubbard Brook ,9/16/2019,9/16/2019,1,W1-01,ST191961
Hubbard Brook ,9/23/2019,9/23/2019,1,W1-01,ST191001
Hubbard Brook ,9/30/2019,9/30/2019,1,W1-01,ST191041
Hubbard Brook ,10/7/2019,10/7/2019,1,W1-01,ST191081
Hubbard Brook ,10/15/2019,10/15/2019,1,W1-01,ST191121
Hubbard Brook ,10/21/2019,10/21/2019,1,W1-01,ST191161
Hubbard Brook ,10/28/2019,10/28/2019,1,W1-01,ST191201
Hubbard Brook ,11/4/2019,11/4/2019,1,W1-01,ST191241
Hubbard Brook ,11/11/2019,11/11/2019,1,W1-01,ST191281
Hubbard Brook ,11/18/2019,11/18/2019,1,W1-01,ST191321
Hubbard Brook ,11/25/2019,11/25/2019,1,W1-01,ST191361
Hubbard Brook ,12/3/2019,12/3/2019,1,W1-01,ST191401
Hubbard Brook ,3/25/2019,3/25/2019,1,W1-02,ST190002
Hubbard Brook ,4/1/2019,4/1/2019,1,W1-02,ST190042
Hubbard Brook ,4/8/2019,4/8/2019,1,W1-02,
Hubbard Brook ,4/15/2019,4/15/2019,1,W1-02,ST190082
Hubbard Brook ,4/22/2019,4/22/2019,1,W1-02,ST190122
Hubbard Brook ,4/29/2019,4/29/2019,1,W1-02,ST190162
Hubbard Brook ,5/6/2019,5/6/2019,1,W1-02,ST190202
Hubbard Brook ,5/13/2019,5/13/2019,1,W1-02,ST190242
Hubbard Brook ,5/20/2019,5/20/2019,1,W1-02,ST190282
Hubbard Brook ,5/28/2019,5/28/2019,1,W1-02,ST190322
Hubbard Brook ,6/2/2019,6/2/2019,1,W1-02,ST190362
Hubbard Brook ,6/10/2019,6/10/2019,1,W1-02,ST190402
Hubbard Brook ,6/17/2019,6/17/2019,1,W1-02,ST190442
Hubbard Brook ,6/24/2019,6/24/2019,1,W1-02,ST190482
Hubbard Brook ,7/1/2019,7/1/2019,1,W1-02,ST190522
Hubbard Brook ,7/8/2019,7/8/2019,1,W1-02,ST190562
Hubbard Brook ,7/15/2019,7/15/2019,1,W1-02,ST190602
Hubbard Brook ,7/22/2019,7/22/2019,1,W1-02,ST190642
Hubbard Brook ,7/29/2019,7/29/2019,1,W1-02,ST190682
Hubbard Brook ,8/5/2019,8/5/2019,1,W1-02,ST190722
Hubbard Brook ,8/12/2019,8/12/2019,1,W1-02,ST190762
Hubbard Brook ,8/19/2019,8/19/2019,1,W1-02,ST190802
Hubbard Brook ,8/26/2019,8/26/2019,1,W1-02,ST190842
Hubbard Brook ,9/3/2019,9/3/2019,1,W1-02,ST190882
Hubbard Brook ,9/9/2019,9/9/2019,1,W1-02,ST190922
Hubbard Brook ,9/16/2019,9/16/2019,1,W1-02,ST191962
Hubbard Brook ,9/23/2019,9/23/2019,1,W1-02,ST191002
Hubbard Brook ,9/30/2019,9/30/2019,1,W1-02,ST191042
Hubbard Brook ,10/7/2019,10/7/2019,1,W1-02,ST191082
Hubbard Brook ,10/15/2019,10/15/2019,1,W1-02,ST191122
Hubbard Brook ,10/21/2019,10/21/2019,1,W1-02,ST191162
Hubbard Brook ,10/28/2019,10/28/2019,1,W1-02,ST191202
Hubbard Brook ,11/4/2019,11/4/2019,1,W1-02,ST191242
Hubbard Brook ,11/11/2019,11/11/2019,1,W1-02,ST191282
Hubbard Brook ,11/18/2019,11/18/2019,1,W1-02,ST191322
Hubbard Brook ,11/25/2019,11/25/2019,1,W1-02,ST191362
Hubbard Brook ,12/3/2019,12/3/2019,1,W1-02,ST191402
Hubbard Brook ,3/25/2019,3/25/2019,1,W1-03,ST190003
Hubbard Brook ,4/1/2019,4/1/2019,1,W1-03,ST190043
Hubbard Brook ,4/8/2019,4/8/2019,1,W1-03,
Hubbard Brook ,4/15/2019,4/15/2019,1,W1-03,ST190083
Hubbard Brook ,4/22/2019,4/22/2019,1,W1-03,ST190123
Hubbard Brook ,4/29/2019,4/29/2019,1,W1-03,ST190163
Hubbard Brook ,5/6/2019,5/6/2019,1,W1-03,ST190203
Hubbard Brook ,5/13/2019,5/13/2019,1,W1-03,ST190243
Hubbard Brook ,5/20/2019,5/20/2019,1,W1-03,ST190283
Hubbard Brook ,5/28/2019,5/28/2019,1,W1-03,ST190323
Hubbard Brook ,6/2/2019,6/2/2019,1,W1-03,ST190363
Hubbard Brook ,6/10/2019,6/10/2019,1,W1-03,ST190403
Hubbard Brook ,6/17/2019,6/17/2019,1,W1-03,ST190443
Hubbard Brook ,6/24/2019,6/24/2019,1,W1-03,ST190483
Hubbard Brook ,7/1/2019,7/1/2019,1,W1-03,ST190523
Hubbard Brook ,7/8/2019,7/8/2019,1,W1-03,ST190563
Hubbard Brook ,7/15/2019,7/15/2019,1,W1-03,ST190603
Hubbard Brook ,7/22/2019,7/22/2019,1,W1-03,ST190643
Hubbard Brook ,7/29/2019,7/29/2019,1,W1-03,ST190683
Hubbard Brook ,8/5/2019,8/5/2019,1,W1-03,ST190723
Hubbard Brook ,8/12/2019,8/12/2019,1,W1-03,ST190763
Hubbard Brook ,8/19/2019,8/19/2019,1,W1-03,ST190803
Hubbard Brook ,8/26/2019,8/26/2019,1,W1-03,ST190843
Hubbard Brook ,9/3/2019,9/3/2019,1,W1-03,ST190883
Hubbard Brook ,9/9/2019,9/9/2019,1,W1-03,ST190923
Hubbard Brook ,9/16/2019,9/16/2019,1,W1-03,ST191963
Hubbard Brook ,9/23/2019,9/23/2019,1,W1-03,ST191003
Hubbard Brook ,9/30/2019,9/30/2019,1,W1-03,ST191043
Hubbard Brook ,10/7/2019,10/7/2019,1,W1-03,ST191083
Hubbard Brook ,10/15/2019,10/15/2019,1,W1-03,ST191123
Hubbard Brook ,10/21/2019,10/21/2019,1,W1-03,ST191163
Hubbard Brook ,10/28/2019,10/28/2019,1,W1-03,ST191203
Hubbard Brook ,11/4/2019,11/4/2019,1,W1-03,ST191243
Hubbard Brook ,11/11/2019,11/11/2019,1,W1-03,ST191283
Hubbard Brook ,11/18/2019,11/18/2019,1,W1-03,ST191323
Hubbard Brook ,11/25/2019,11/25/2019,1,W1-03,ST191363
Hubbard Brook ,12/3/2019,12/3/2019,1,W1-03,ST191403
Hubbard Brook ,3/25/2019,3/25/2019,1,W1-04,ST190004
Hubbard Brook ,4/1/2019,4/1/2019,1,W1-04,ST190044
Hubbard Brook ,4/8/2019,4/8/2019,1,W1-04,
Hubbard Brook ,4/15/2019,4/15/2019,1,W1-04,ST190084
Hubbard Brook ,4/22/2019,4/22/2019,1,W1-04,ST190124
Hubbard Brook ,4/29/2019,4/29/2019,1,W1-04,ST190164
Hubbard Brook ,5/6/2019,5/6/2019,1,W1-04,ST190204
Hubbard Brook ,5/13/2019,5/13/2019,1,W1-04,ST190244
Hubbard Brook ,5/20/2019,5/20/2019,1,W1-04,ST190284
Hubbard Brook ,5/28/2019,5/28/2019,1,W1-04,ST190324
Hubbard Brook ,6/2/2019,6/2/2019,1,W1-04,ST190364
Hubbard Brook ,6/10/2019,6/10/2019,1,W1-04,ST190404
Hubbard Brook ,6/17/2019,6/17/2019,1,W1-04,ST190444
Hubbard Brook ,6/24/2019,6/24/2019,1,W1-04,ST190484
Hubbard Brook ,7/1/2019,7/1/2019,1,W1-04,ST190524
Hubbard Brook ,7/8/2019,7/8/2019,1,W1-04,ST190564
Hubbard Brook ,7/15/2019,7/15/2019,1,W1-04,ST190604
Hubbard Brook ,7/22/2019,7/22/2019,1,W1-04,ST190644
Hubbard Brook ,7/29/2019,7/29/2019,1,W1-04,ST190684
Hubbard Brook ,8/5/2019,8/5/2019,1,W1-04,ST190724
Hubbard Brook ,8/12/2019,8/12/2019,1,W1-04,ST190764
Hubbard Brook ,8/19/2019,8/19/2019,1,W1-04,ST190804
Hubbard Brook ,8/26/2019,8/26/2019,1,W1-04,ST190844
Hubbard Brook ,9/3/2019,9/3/2019,1,W1-04,ST190884
Hubbard Brook ,9/9/2019,9/9/2019,1,W1-04,ST190924
Hubbard Brook ,9/16/2019,9/16/2019,1,W1-04,ST191964
Hubbard Brook ,9/23/2019,9/23/2019,1,W1-04,ST191004
Hubbard Brook ,9/30/2019,9/30/2019,1,W1-04,ST191044
Hubbard Brook ,10/7/2019,10/7/2019,1,W1-04,ST191084
Hubbard Brook ,10/15/2019,10/15/2019,1,W1-04,ST191124
Hubbard Brook ,10/21/2019,10/21/2019,1,W1-04,ST191164
Hubbard Brook ,10/28/2019,10/28/2019,1,W1-04,ST191204
Hubbard Brook ,11/4/2019,11/4/2019,1,W1-04,ST191244
Hubbard Brook ,11/11/2019,11/11/2019,1,W1-04,ST191284
Hubbard Brook ,11/18/2019,11/18/2019,1,W1-04,ST191324
Hubbard Brook ,11/25/2019,11/25/2019,1,W1-04,ST191364
Hubbard Brook ,12/3/2019,12/3/2019,1,W1-04,ST191404
Hubbard Brook ,3/25/2019,3/25/2019,1,W1-05,ST190005
Hubbard Brook ,4/1/2019,4/1/2019,1,W1-05,ST190045
Hubbard Brook ,4/8/2019,4/8/2019,1,W1-05,
Hubbard Brook ,4/15/2019,4/15/2019,1,W1-05,ST190085
Hubbard Brook ,4/22/2019,4/22/2019,1,W1-05,ST190125
Hubbard Brook ,4/29/2019,4/29/2019,1,W1-05,ST190165
Hubbard Brook ,5/6/2019,5/6/2019,1,W1-05,ST190205
Hubbard Brook ,5/13/2019,5/13/2019,1,W1-05,ST190245
Hubbard Brook ,5/20/2019,5/20/2019,1,W1-05,ST190285
Hubbard Brook ,5/28/2019,5/28/2019,1,W1-05,ST190325
Hubbard Brook ,6/2/2019,6/2/2019,1,W1-05,ST190365
Hubbard Brook ,6/10/2019,6/10/2019,1,W1-05,ST190405
Hubbard Brook ,6/17/2019,6/17/2019,1,W1-05,ST190445
Hubbard Brook ,6/24/2019,6/24/2019,1,W1-05,ST190485
Hubbard Brook ,7/1/2019,7/1/2019,1,W1-05,ST190525
Hubbard Brook ,7/8/2019,7/8/2019,1,W1-05,ST190565
Hubbard Brook ,7/15/2019,7/15/2019,1,W1-05,ST190605
Hubbard Brook ,7/22/2019,7/22/2019,1,W1-05,ST190645
Hubbard Brook ,7/29/2019,7/29/2019,1,W1-05,ST190685
Hubbard Brook ,8/5/2019,8/5/2019,1,W1-05,ST190725
Hubbard Brook ,8/12/2019,8/12/2019,1,W1-05,ST190765
Hubbard Brook ,8/19/2019,8/19/2019,1,W1-05,ST190805
Hubbard Brook ,8/26/2019,8/26/2019,1,W1-05,ST190845
Hubbard Brook ,9/3/2019,9/3/2019,1,W1-05,ST190885
Hubbard Brook ,9/9/2019,9/9/2019,1,W1-05,ST190925
Hubbard Brook ,9/16/2019,9/16/2019,1,W1-05,ST191965
Hubbard Brook ,9/23/2019,9/23/2019,1,W1-05,ST191005
Hubbard Brook ,9/30/2019,9/30/2019,1,W1-05,ST191045
Hubbard Brook ,10/7/2019,10/7/2019,1,W1-05,ST191085
Hubbard Brook ,10/15/2019,10/15/2019,1,W1-05,ST191125
Hubbard Brook ,10/21/2019,10/21/2019,1,W1-05,ST191165
Hubbard Brook ,10/28/2019,10/28/2019,1,W1-05,ST191205
Hubbard Brook ,11/4/2019,11/4/2019,1,W1-05,ST191245
Hubbard Brook ,11/11/2019,11/11/2019,1,W1-05,ST191285
Hubbard Brook ,11/18/2019,11/18/2019,1,W1-05,ST191325
Hubbard Brook ,11/25/2019,11/25/2019,1,W1-05,ST191365
Hubbard Brook ,12/3/2019,12/3/2019,1,W1-05,ST191405
Hubbard Brook ,3/25/2019,3/25/2019,1,W2-01,ST190006
Hubbard Brook ,4/1/2019,4/1/2019,1,W2-01,ST190046
Hubbard Brook ,4/8/2019,4/8/2019,1,W2-01,
Hubbard Brook ,4/15/2019,4/15/2019,2,W2-01,ST190086
Hubbard Brook ,4/22/2019,4/22/2019,2,W2-01,ST190126
Hubbard Brook ,4/29/2019,4/29/2019,2,W2-01,ST190166
Hubbard Brook ,5/6/2019,5/6/2019,2,W2-01,ST190206
Hubbard Brook ,5/13/2019,5/13/2019,2,W2-01,ST190286
Hubbard Brook ,5/20/2019,5/20/2019,2,W2-01,ST190286
Hubbard Brook ,5/28/2019,5/28/2019,2,W2-01,ST190326
Hubbard Brook ,6/2/2019,6/2/2019,2,W2-01,ST190366
Hubbard Brook ,6/10/2019,6/10/2019,2,W2-01,ST190406
Hubbard Brook ,6/17/2019,6/17/2019,2,W2-01,ST190446
Hubbard Brook ,6/24/2019,6/24/2019,2,W2-01,ST190486
Hubbard Brook ,7/1/2019,7/1/2019,2,W2-01,ST190526
Hubbard Brook ,7/8/2019,7/8/2019,2,W2-01,ST190566
Hubbard Brook ,7/15/2019,7/15/2019,2,W2-01,ST190606
Hubbard Brook ,7/22/2019,7/22/2019,2,W2-01,ST190646
Hubbard Brook ,7/29/2019,7/29/2019,2,W2-01,ST190686
Hubbard Brook ,8/5/2019,8/5/2019,2,W2-01,ST190726
Hubbard Brook ,8/12/2019,8/12/2019,2,W2-01,ST190766
Hubbard Brook ,8/19/2019,8/19/2019,2,W2-01,ST190806
Hubbard Brook ,8/26/2019,8/26/2019,2,W2-01,ST190846
Hubbard Brook ,9/3/2019,9/3/2019,2,W2-01,ST190886
Hubbard Brook ,9/9/2019,9/9/2019,2,W2-01,ST190926
Hubbard Brook ,9/16/2019,9/16/2019,2,W2-01,ST191966
Hubbard Brook ,9/23/2019,9/23/2019,2,W2-01,ST191006
Hubbard Brook ,9/30/2019,9/30/2019,2,W2-01,ST191046
Hubbard Brook ,10/7/2019,10/7/2019,2,W2-01,ST191086
Hubbard Brook ,10/15/2019,10/15/2019,2,W2-01,ST191126
Hubbard Brook ,10/21/2019,10/21/2019,2,W2-01,ST191166
Hubbard Brook ,10/28/2019,10/28/2019,2,W2-01,ST191206
Hubbard Brook ,11/4/2019,11/4/2019,2,W2-01,ST191246
Hubbard Brook ,11/11/2019,11/11/2019,2,W2-01,ST191286
Hubbard Brook ,11/18/2019,11/18/2019,2,W2-01,ST191326
Hubbard Brook ,11/25/2019,11/25/2019,2,W2-01,ST191366
Hubbard Brook ,12/3/2019,12/3/2019,2,W2-01,ST191406
Hubbard Brook ,3/25/2019,3/25/2019,2,W2-02,ST190007
Hubbard Brook ,4/1/2019,4/1/2019,2,W2-02,ST190047
Hubbard Brook ,4/8/2019,4/8/2019,2,W2-02,
Hubbard Brook ,4/15/2019,4/15/2019,2,W2-02,ST190087
Hubbard Brook ,4/22/2019,4/22/2019,2,W2-02,ST190127
Hubbard Brook ,4/29/2019,4/29/2019,2,W2-02,ST190167
Hubbard Brook ,5/6/2019,5/6/2019,2,W2-02,ST190207
Hubbard Brook ,5/13/2019,5/13/2019,2,W2-02,ST190287
Hubbard Brook ,5/20/2019,5/20/2019,2,W2-02,ST190287
Hubbard Brook ,5/28/2019,5/28/2019,2,W2-02,ST190327
Hubbard Brook ,6/2/2019,6/2/2019,2,W2-02,ST190367
Hubbard Brook ,6/10/2019,6/10/2019,2,W2-02,ST190407
Hubbard Brook ,6/17/2019,6/17/2019,2,W2-02,ST190447
Hubbard Brook ,6/24/2019,6/24/2019,2,W2-02,ST190487
Hubbard Brook ,7/1/2019,7/1/2019,2,W2-02,ST190527
Hubbard Brook ,7/8/2019,7/8/2019,2,W2-02,ST190567
Hubbard Brook ,7/15/2019,7/15/2019,2,W2-02,ST190607
Hubbard Brook ,7/22/2019,7/22/2019,2,W2-02,ST190647
Hubbard Brook ,7/29/2019,7/29/2019,2,W2-02,ST190687
Hubbard Brook ,8/5/2019,8/5/2019,2,W2-02,ST190727
Hubbard Brook ,8/12/2019,8/12/2019,2,W2-02,ST190767
Hubbard Brook ,8/19/2019,8/19/2019,2,W2-02,ST190807
Hubbard Brook ,8/26/2019,8/26/2019,2,W2-02,ST190847
Hubbard Brook ,9/3/2019,9/3/2019,2,W2-02,ST190887
Hubbard Brook ,9/9/2019,9/9/2019,2,W2-02,ST190927
Hubbard Brook ,9/16/2019,9/16/2019,2,W2-02,ST191967
Hubbard Brook ,9/23/2019,9/23/2019,2,W2-02,ST191007
Hubbard Brook ,9/30/2019,9/30/2019,2,W2-02,ST191047
Hubbard Brook ,10/7/2019,10/7/2019,2,W2-02,ST191087
Hubbard Brook ,10/15/2019,10/15/2019,2,W2-02,ST191127
Hubbard Brook ,10/21/2019,10/21/2019,2,W2-02,ST191167
Hubbard Brook ,10/28/2019,10/28/2019,2,W2-02,ST191207
Hubbard Brook ,11/4/2019,11/4/2019,2,W2-02,ST191247
Hubbard Brook ,11/11/2019,11/11/2019,2,W2-02,ST191287
Hubbard Brook ,11/18/2019,11/18/2019,2,W2-02,ST191327
Hubbard Brook ,11/25/2019,11/25/2019,2,W2-02,ST191367
Hubbard Brook ,12/3/2019,12/3/2019,2,W2-02,ST191407
Hubbard Brook ,3/25/2019,3/25/2019,2,W2-03,ST190008
Hubbard Brook ,4/1/2019,4/1/2019,2,W2-03,ST190048
Hubbard Brook ,4/8/2019,4/8/2019,2,W2-03,
Hubbard Brook ,4/15/2019,4/15/2019,2,W2-03,ST190088
Hubbard Brook ,4/22/2019,4/22/2019,2,W2-03,ST190128
Hubbard Brook ,4/29/2019,4/29/2019,2,W2-03,ST190168
Hubbard Brook ,5/6/2019,5/6/2019,2,W2-03,ST190208
Hubbard Brook ,5/13/2019,5/13/2019,2,W2-03,ST190288
Hubbard Brook ,5/20/2019,5/20/2019,2,W2-03,ST190288
Hubbard Brook ,5/28/2019,5/28/2019,2,W2-03,ST190328
Hubbard Brook ,6/2/2019,6/2/2019,2,W2-03,ST190368
Hubbard Brook ,6/10/2019,6/10/2019,2,W2-03,ST190408
Hubbard Brook ,6/17/2019,6/17/2019,2,W2-03,ST190448
Hubbard Brook ,6/24/2019,6/24/2019,2,W2-03,ST190488
Hubbard Brook ,7/1/2019,7/1/2019,2,W2-03,ST190528
Hubbard Brook ,7/8/2019,7/8/2019,2,W2-03,ST190568
Hubbard Brook ,7/15/2019,7/15/2019,2,W2-03,ST190608
Hubbard Brook ,7/22/2019,7/22/2019,2,W2-03,ST190648
Hubbard Brook ,7/29/2019,7/29/2019,2,W2-03,ST190688
Hubbard Brook ,8/5/2019,8/5/2019,2,W2-03,ST190728
Hubbard Brook ,8/12/2019,8/12/2019,2,W2-03,ST190768
Hubbard Brook ,8/19/2019,8/19/2019,2,W2-03,ST190808
Hubbard Brook ,8/26/2019,8/26/2019,2,W2-03,ST190848
Hubbard Brook ,9/3/2019,9/3/2019,2,W2-03,ST190888
Hubbard Brook ,9/9/2019,9/9/2019,2,W2-03,ST190928
Hubbard Brook ,9/16/2019,9/16/2019,2,W2-03,ST191968
Hubbard Brook ,9/23/2019,9/23/2019,2,W2-03,ST191008
Hubbard Brook ,9/30/2019,9/30/2019,2,W2-03,ST191048
Hubbard Brook ,10/7/2019,10/7/2019,2,W2-03,ST191088
Hubbard Brook ,10/15/2019,10/15/2019,2,W2-03,ST191128
Hubbard Brook ,10/21/2019,10/21/2019,2,W2-03,ST191168
Hubbard Brook ,10/28/2019,10/28/2019,2,W2-03,ST191208
Hubbard Brook ,11/4/2019,11/4/2019,2,W2-03,ST191248
Hubbard Brook ,11/11/2019,11/11/2019,2,W2-03,ST191288
Hubbard Brook ,11/18/2019,11/18/2019,2,W2-03,ST191328
Hubbard Brook ,11/25/2019,11/25/2019,2,W2-03,ST191368
Hubbard Brook ,12/3/2019,12/3/2019,2,W2-03,ST191408
Hubbard Brook ,3/25/2019,3/25/2019,2,W2-04,ST190009
Hubbard Brook ,4/1/2019,4/1/2019,2,W2-04,ST190049
Hubbard Brook ,4/8/2019,4/8/2019,2,W2-04,
Hubbard Brook ,4/15/2019,4/15/2019,2,W2-04,ST190089
Hubbard Brook ,4/22/2019,4/22/2019,2,W2-04,ST190129
Hubbard Brook ,4/29/2019,4/29/2019,2,W2-04,ST190169
Hubbard Brook ,5/6/2019,5/6/2019,2,W2-04,ST190209
Hubbard Brook ,5/13/2019,5/13/2019,2,W2-04,ST190289
Hubbard Brook ,5/20/2019,5/20/2019,2,W2-04,ST190289
Hubbard Brook ,5/28/2019,5/28/2019,2,W2-04,ST190329
Hubbard Brook ,6/2/2019,6/2/2019,2,W2-04,ST190369
Hubbard Brook ,6/10/2019,6/10/2019,2,W2-04,ST190409
Hubbard Brook ,6/17/2019,6/17/2019,2,W2-04,ST190449
Hubbard Brook ,6/24/2019,6/24/2019,2,W2-04,ST190489
Hubbard Brook ,7/1/2019,7/1/2019,2,W2-04,ST190529
Hubbard Brook ,7/8/2019,7/8/2019,2,W2-04,ST190569
Hubbard Brook ,7/15/2019,7/15/2019,2,W2-04,ST190609
Hubbard Brook ,7/22/2019,7/22/2019,2,W2-04,ST190649
Hubbard Brook ,7/29/2019,7/29/2019,2,W2-04,ST190689
Hubbard Brook ,8/5/2019,8/5/2019,2,W2-04,ST190729
Hubbard Brook ,8/12/2019,8/12/2019,2,W2-04,ST190769
Hubbard Brook ,8/19/2019,8/19/2019,2,W2-04,ST190809
Hubbard Brook ,8/26/2019,8/26/2019,2,W2-04,ST190849
Hubbard Brook ,9/3/2019,9/3/2019,2,W2-04,ST190889
Hubbard Brook ,9/9/2019,9/9/2019,2,W2-04,ST190929
Hubbard Brook ,9/16/2019,9/16/2019,2,W2-04,ST191969
Hubbard Brook ,9/23/2019,9/23/2019,2,W2-04,ST191009
Hubbard Brook ,9/30/2019,9/30/2019,2,W2-04,ST191049
Hubbard Brook ,10/7/2019,10/7/2019,2,W2-04,ST191089
Hubbard Brook ,10/15/2019,10/15/2019,2,W2-04,ST191129
Hubbard Brook ,10/21/2019,10/21/2019,2,W2-04,ST191169
Hubbard Brook ,10/28/2019,10/28/2019,2,W2-04,ST191209
Hubbard Brook ,11/4/2019,11/4/2019,2,W2-04,ST191249
Hubbard Brook ,11/11/2019,11/11/2019,2,W2-04,ST191289
Hubbard Brook ,11/18/2019,11/18/2019,2,W2-04,ST191329
Hubbard Brook ,11/25/2019,11/25/2019,2,W2-04,ST191369
Hubbard Brook ,12/3/2019,12/3/2019,2,W2-04,ST191409
Hubbard Brook ,3/25/2019,3/25/2019,2,W2-05,ST190010
Hubbard Brook ,4/1/2019,4/1/2019,2,W2-05,ST190050
Hubbard Brook ,4/8/2019,4/8/2019,2,W2-05,
Hubbard Brook ,4/15/2019,4/15/2019,2,W2-05,ST190090
Hubbard Brook ,4/22/2019,4/22/2019,2,W2-05,ST190130
Hubbard Brook ,4/29/2019,4/29/2019,2,W2-05,ST190170
Hubbard Brook ,5/6/2019,5/6/2019,2,W2-05,ST190210
Hubbard Brook ,5/13/2019,5/13/2019,2,W2-05,ST190290
Hubbard Brook ,5/20/2019,5/20/2019,2,W2-05,ST190290
Hubbard Brook ,5/28/2019,5/28/2019,2,W2-05,ST190330
Hubbard Brook ,6/2/2019,6/2/2019,2,W2-05,ST190370
Hubbard Brook ,6/10/2019,6/10/2019,2,W2-05,ST190410
Hubbard Brook ,6/17/2019,6/17/2019,2,W2-05,ST190450
Hubbard Brook ,6/24/2019,6/24/2019,2,W2-05,ST190490
Hubbard Brook ,7/1/2019,7/1/2019,2,W2-05,ST190530
Hubbard Brook ,7/8/2019,7/8/2019,2,W2-05,ST190570
Hubbard Brook ,7/15/2019,7/15/2019,2,W2-05,ST190610
Hubbard Brook ,7/22/2019,7/22/2019,2,W2-05,ST190650
Hubbard Brook ,7/29/2019,7/29/2019,2,W2-05,ST190690
Hubbard Brook ,8/5/2019,8/5/2019,2,W2-05,ST190730
Hubbard Brook ,8/12/2019,8/12/2019,2,W2-05,ST190770
Hubbard Brook ,8/19/2019,8/19/2019,2,W2-05,ST190810
Hubbard Brook ,8/26/2019,8/26/2019,2,W2-05,ST190850
Hubbard Brook ,9/3/2019,9/3/2019,2,W2-05,ST190890
Hubbard Brook ,9/9/2019,9/9/2019,2,W2-05,ST190930
Hubbard Brook ,9/16/2019,9/16/2019,2,W2-05,ST191970
Hubbard Brook ,9/23/2019,9/23/2019,2,W2-05,ST191010
Hubbard Brook ,9/30/2019,9/30/2019,2,W2-05,ST191050
Hubbard Brook ,10/7/2019,10/7/2019,2,W2-05,ST191090
Hubbard Brook ,10/15/2019,10/15/2019,2,W2-05,ST191130
Hubbard Brook ,10/21/2019,10/21/2019,2,W2-05,ST191170
Hubbard Brook ,10/28/2019,10/28/2019,2,W2-05,ST191210
Hubbard Brook ,11/4/2019,11/4/2019,2,W2-05,ST191250
Hubbard Brook ,11/11/2019,11/11/2019,2,W2-05,ST191290
Hubbard Brook ,11/18/2019,11/18/2019,2,W2-05,ST191330
Hubbard Brook ,11/25/2019,11/25/2019,2,W2-05,ST191370
Hubbard Brook ,12/3/2019,12/3/2019,2,W2-05,ST191410
Hubbard Brook ,3/25/2019,3/25/2019,3,W3-01,ST190011
Hubbard Brook ,4/1/2019,4/1/2019,3,W3-01,ST190051
Hubbard Brook ,4/8/2019,4/8/2019,3,W3-01,
Hubbard Brook ,4/15/2019,4/15/2019,3,W3-01,ST190091
Hubbard Brook ,4/22/2019,4/22/2019,3,W3-01,ST190131
Hubbard Brook ,4/29/2019,4/29/2019,3,W3-01,ST190171
Hubbard Brook ,5/6/2019,5/6/2019,3,W3-01,ST190211
Hubbard Brook ,5/13/2019,5/13/2019,3,W3-01,ST190251
Hubbard Brook ,5/20/2019,5/20/2019,3,W3-01,ST190291
Hubbard Brook ,5/28/2019,5/28/2019,3,W3-01,ST190331
Hubbard Brook ,6/2/2019,6/2/2019,3,W3-01,ST190371
Hubbard Brook ,6/10/2019,6/10/2019,3,W3-01,ST190411
Hubbard Brook ,6/17/2019,6/17/2019,3,W3-01,ST190451
Hubbard Brook ,6/24/2019,6/24/2019,3,W3-01,ST190491
Hubbard Brook ,7/1/2019,7/1/2019,3,W3-01,ST190531
Hubbard Brook ,7/8/2019,7/8/2019,3,W3-01,ST190571
Hubbard Brook ,7/15/2019,7/15/2019,3,W3-01,ST190611
Hubbard Brook ,7/22/2019,7/22/2019,3,W3-01,ST190651
Hubbard Brook ,7/29/2019,7/29/2019,3,W3-01,ST190691
Hubbard Brook ,8/5/2019,8/5/2019,3,W3-01,ST190731
Hubbard Brook ,8/12/2019,8/12/2019,3,W3-01,ST190771
Hubbard Brook ,8/19/2019,8/19/2019,3,W3-01,ST190811
Hubbard Brook ,8/26/2019,8/26/2019,3,W3-01,ST190851
Hubbard Brook ,9/3/2019,9/3/2019,3,W3-01,ST190891
Hubbard Brook ,9/9/2019,9/9/2019,3,W3-01,ST190931
Hubbard Brook ,9/16/2019,9/16/2019,3,W3-01,ST191971
Hubbard Brook ,9/23/2019,9/23/2019,3,W3-01,ST191011
Hubbard Brook ,9/30/2019,9/30/2019,3,W3-01,ST191051
Hubbard Brook ,10/7/2019,10/7/2019,3,W3-01,ST191091
Hubbard Brook ,10/15/2019,10/15/2019,3,W3-01,ST191131
Hubbard Brook ,10/21/2019,10/21/2019,3,W3-01,ST191171
Hubbard Brook ,10/28/2019,10/28/2019,3,W3-01,ST191211
Hubbard Brook ,11/4/2019,11/4/2019,3,W3-01,ST191251
Hubbard Brook ,11/11/2019,11/11/2019,3,W3-01,ST191291
Hubbard Brook ,11/18/2019,11/18/2019,3,W3-01,ST191331
Hubbard Brook ,11/25/2019,11/25/2019,3,W3-01,ST191371
Hubbard Brook ,12/3/2019,12/3/2019,3,W3-01,ST191411
Hubbard Brook ,3/25/2019,3/25/2019,3,W3-02,ST190012
Hubbard Brook ,4/1/2019,4/1/2019,3,W3-02,ST190052
Hubbard Brook ,4/8/2019,4/8/2019,3,W3-02,
Hubbard Brook ,4/15/2019,4/15/2019,3,W3-02,ST190092
Hubbard Brook ,4/22/2019,4/22/2019,3,W3-02,ST190132
Hubbard Brook ,4/29/2019,4/29/2019,3,W3-02,ST190172
Hubbard Brook ,5/6/2019,5/6/2019,3,W3-02,ST190212
Hubbard Brook ,5/13/2019,5/13/2019,3,W3-02,ST190252
Hubbard Brook ,5/20/2019,5/20/2019,3,W3-02,ST190292
Hubbard Brook ,5/28/2019,5/28/2019,3,W3-02,ST190332
Hubbard Brook ,6/2/2019,6/2/2019,3,W3-02,ST190372
Hubbard Brook ,6/10/2019,6/10/2019,3,W3-02,ST190412
Hubbard Brook ,6/17/2019,6/17/2019,3,W3-02,ST190452
Hubbard Brook ,6/24/2019,6/24/2019,3,W3-02,ST190492
Hubbard Brook ,7/1/2019,7/1/2019,3,W3-02,ST190532
Hubbard Brook ,7/8/2019,7/8/2019,3,W3-02,ST190572
Hubbard Brook ,7/15/2019,7/15/2019,3,W3-02,ST190612
Hubbard Brook ,7/22/2019,7/22/2019,3,W3-02,ST190652
Hubbard Brook ,7/29/2019,7/29/2019,3,W3-02,ST190692
Hubbard Brook ,8/5/2019,8/5/2019,3,W3-02,ST190732
Hubbard Brook ,8/12/2019,8/12/2019,3,W3-02,ST190772
Hubbard Brook ,8/19/2019,8/19/2019,3,W3-02,ST190812
Hubbard Brook ,8/26/2019,8/26/2019,3,W3-02,ST190852
Hubbard Brook ,9/3/2019,9/3/2019,3,W3-02,ST190892
Hubbard Brook ,9/9/2019,9/9/2019,3,W3-02,ST190932
Hubbard Brook ,9/16/2019,9/16/2019,3,W3-02,ST191972
Hubbard Brook ,9/23/2019,9/23/2019,3,W3-02,ST191012
Hubbard Brook ,9/30/2019,9/30/2019,3,W3-02,ST191052
Hubbard Brook ,10/7/2019,10/7/2019,3,W3-02,ST191092
Hubbard Brook ,10/15/2019,10/15/2019,3,W3-02,ST191132
Hubbard Brook ,10/21/2019,10/21/2019,3,W3-02,ST191172
Hubbard Brook ,10/28/2019,10/28/2019,3,W3-02,ST191212
Hubbard Brook ,11/4/2019,11/4/2019,3,W3-02,ST191252
Hubbard Brook ,11/11/2019,11/11/2019,3,W3-02,ST191292
Hubbard Brook ,11/18/2019,11/18/2019,3,W3-02,ST191332
Hubbard Brook ,11/25/2019,11/25/2019,3,W3-02,ST191372
Hubbard Brook ,12/3/2019,12/3/2019,3,W3-02,ST191412
Hubbard Brook ,3/25/2019,3/25/2019,3,W3-03,ST190013
Hubbard Brook ,4/1/2019,4/1/2019,3,W3-03,ST190053
Hubbard Brook ,4/8/2019,4/8/2019,3,W3-03,
Hubbard Brook ,4/15/2019,4/15/2019,3,W3-03,ST190093
Hubbard Brook ,4/22/2019,4/22/2019,3,W3-03,ST190133
Hubbard Brook ,4/29/2019,4/29/2019,3,W3-03,ST190173
Hubbard Brook ,5/6/2019,5/6/2019,3,W3-03,ST190213
Hubbard Brook ,5/13/2019,5/13/2019,3,W3-03,ST190253
Hubbard Brook ,5/20/2019,5/20/2019,3,W3-03,ST190293
Hubbard Brook ,5/28/2019,5/28/2019,3,W3-03,ST190333
Hubbard Brook ,6/2/2019,6/2/2019,3,W3-03,ST190373
Hubbard Brook ,6/10/2019,6/10/2019,3,W3-03,ST190413
Hubbard Brook ,6/17/2019,6/17/2019,3,W3-03,ST190453
Hubbard Brook ,6/24/2019,6/24/2019,3,W3-03,ST190493
Hubbard Brook ,7/1/2019,7/1/2019,3,W3-03,ST190533
Hubbard Brook ,7/8/2019,7/8/2019,3,W3-03,ST190573
Hubbard Brook ,7/15/2019,7/15/2019,3,W3-03,ST190613
Hubbard Brook ,7/22/2019,7/22/2019,3,W3-03,ST190653
Hubbard Brook ,7/29/2019,7/29/2019,3,W3-03,ST190693
Hubbard Brook ,8/5/2019,8/5/2019,3,W3-03,ST190733
Hubbard Brook ,8/12/2019,8/12/2019,3,W3-03,ST190773
Hubbard Brook ,8/19/2019,8/19/2019,3,W3-03,ST190813
Hubbard Brook ,8/26/2019,8/26/2019,3,W3-03,ST190853
Hubbard Brook ,9/3/2019,9/3/2019,3,W3-03,ST190893
Hubbard Brook ,9/9/2019,9/9/2019,3,W3-03,ST190933
Hubbard Brook ,9/16/2019,9/16/2019,3,W3-03,ST191973
Hubbard Brook ,9/23/2019,9/23/2019,3,W3-03,ST191013
Hubbard Brook ,9/30/2019,9/30/2019,3,W3-03,ST191053
Hubbard Brook ,10/7/2019,10/7/2019,3,W3-03,ST191093
Hubbard Brook ,10/15/2019,10/15/2019,3,W3-03,ST191133
Hubbard Brook ,10/21/2019,10/21/2019,3,W3-03,ST191173
Hubbard Brook ,10/28/2019,10/28/2019,3,W3-03,ST191213
Hubbard Brook ,11/4/2019,11/4/2019,3,W3-03,ST191253
Hubbard Brook ,11/11/2019,11/11/2019,3,W3-03,ST191293
Hubbard Brook ,11/18/2019,11/18/2019,3,W3-03,ST191333
Hubbard Brook ,11/25/2019,11/25/2019,3,W3-03,ST191373
Hubbard Brook ,12/3/2019,12/3/2019,3,W3-03,ST191413
Hubbard Brook ,3/25/2019,3/25/2019,3,W3-04,ST190014
Hubbard Brook ,4/1/2019,4/1/2019,3,W3-04,ST190054
Hubbard Brook ,4/8/2019,4/8/2019,3,W3-04,
Hubbard Brook ,4/15/2019,4/15/2019,3,W3-04,ST190094
Hubbard Brook ,4/22/2019,4/22/2019,3,W3-04,ST190134
Hubbard Brook ,4/29/2019,4/29/2019,3,W3-04,ST190174
Hubbard Brook ,5/6/2019,5/6/2019,3,W3-04,ST190214
Hubbard Brook ,5/13/2019,5/13/2019,3,W3-04,ST190254
Hubbard Brook ,5/20/2019,5/20/2019,3,W3-04,ST190294
Hubbard Brook ,5/28/2019,5/28/2019,3,W3-04,ST190334
Hubbard Brook ,6/2/2019,6/2/2019,3,W3-04,ST190374
Hubbard Brook ,6/10/2019,6/10/2019,3,W3-04,ST190414
Hubbard Brook ,6/17/2019,6/17/2019,3,W3-04,ST190454
Hubbard Brook ,6/24/2019,6/24/2019,3,W3-04,ST190494
Hubbard Brook ,7/1/2019,7/1/2019,3,W3-04,ST190534
Hubbard Brook ,7/8/2019,7/8/2019,3,W3-04,ST190574
Hubbard Brook ,7/15/2019,7/15/2019,3,W3-04,ST190614
Hubbard Brook ,7/22/2019,7/22/2019,3,W3-04,ST190654
Hubbard Brook ,7/29/2019,7/29/2019,3,W3-04,ST190694
Hubbard Brook ,8/5/2019,8/5/2019,3,W3-04,ST190734
Hubbard Brook ,8/12/2019,8/12/2019,3,W3-04,ST190774
Hubbard Brook ,8/19/2019,8/19/2019,3,W3-04,ST190814
Hubbard Brook ,8/26/2019,8/26/2019,3,W3-04,ST190854
Hubbard Brook ,9/3/2019,9/3/2019,3,W3-04,ST190894
Hubbard Brook ,9/9/2019,9/9/2019,3,W3-04,ST190934
Hubbard Brook ,9/16/2019,9/16/2019,3,W3-04,ST191974
Hubbard Brook ,9/23/2019,9/23/2019,3,W3-04,ST191014
Hubbard Brook ,9/30/2019,9/30/2019,3,W3-04,ST191054
Hubbard Brook ,10/7/2019,10/7/2019,3,W3-04,ST191094
Hubbard Brook ,10/15/2019,10/15/2019,3,W3-04,ST191134
Hubbard Brook ,10/21/2019,10/21/2019,3,W3-04,ST191174
Hubbard Brook ,10/28/2019,10/28/2019,3,W3-04,ST191214
Hubbard Brook ,11/4/2019,11/4/2019,3,W3-04,ST191254
Hubbard Brook ,11/11/2019,11/11/2019,3,W3-04,ST191294
Hubbard Brook ,11/18/2019,11/18/2019,3,W3-04,ST191334
Hubbard Brook ,11/25/2019,11/25/2019,3,W3-04,ST191374
Hubbard Brook ,12/3/2019,12/3/2019,3,W3-04,ST191414
Hubbard Brook ,3/25/2019,3/25/2019,3,W3-05,ST190015
Hubbard Brook ,4/1/2019,4/1/2019,3,W3-05,ST190055
Hubbard Brook ,4/8/2019,4/8/2019,3,W3-05,
Hubbard Brook ,4/15/2019,4/15/2019,3,W3-05,ST190095
Hubbard Brook ,4/22/2019,4/22/2019,3,W3-05,ST190135
Hubbard Brook ,4/29/2019,4/29/2019,3,W3-05,ST190175
Hubbard Brook ,5/6/2019,5/6/2019,3,W3-05,ST190215
Hubbard Brook ,5/13/2019,5/13/2019,3,W3-05,ST190255
Hubbard Brook ,5/20/2019,5/20/2019,3,W3-05,ST190295
Hubbard Brook ,5/28/2019,5/28/2019,3,W3-05,ST190335
Hubbard Brook ,6/2/2019,6/2/2019,3,W3-05,ST190375
Hubbard Brook ,6/10/2019,6/10/2019,3,W3-05,ST190415
Hubbard Brook ,6/17/2019,6/17/2019,3,W3-05,ST190455
Hubbard Brook ,6/24/2019,6/24/2019,3,W3-05,ST190495
Hubbard Brook ,7/1/2019,7/1/2019,3,W3-05,ST190535
Hubbard Brook ,7/8/2019,7/8/2019,3,W3-05,ST190575
Hubbard Brook ,7/15/2019,7/15/2019,3,W3-05,ST190615
Hubbard Brook ,7/22/2019,7/22/2019,3,W3-05,ST190655
Hubbard Brook ,7/29/2019,7/29/2019,3,W3-05,ST190695
Hubbard Brook ,8/5/2019,8/5/2019,3,W3-05,ST190735
Hubbard Brook ,8/12/2019,8/12/2019,3,W3-05,ST190775
Hubbard Brook ,8/19/2019,8/19/2019,3,W3-05,ST190815
Hubbard Brook ,8/26/2019,8/26/2019,3,W3-05,ST190855
Hubbard Brook ,9/3/2019,9/3/2019,3,W3-05,ST190895
Hubbard Brook ,9/9/2019,9/9/2019,3,W3-05,ST190935
Hubbard Brook ,9/16/2019,9/16/2019,3,W3-05,ST191975
Hubbard Brook ,9/23/2019,9/23/2019,3,W3-05,ST191015
Hubbard Brook ,9/30/2019,9/30/2019,3,W3-05,ST191055
Hubbard Brook ,10/7/2019,10/7/2019,3,W3-05,ST191095
Hubbard Brook ,10/15/2019,10/15/2019,3,W3-05,ST191135
Hubbard Brook ,10/21/2019,10/21/2019,3,W3-05,ST191175
Hubbard Brook ,10/28/2019,10/28/2019,3,W3-05,ST191215
Hubbard Brook ,11/4/2019,11/4/2019,3,W3-05,ST191255
Hubbard Brook ,11/11/2019,11/11/2019,3,W3-05,ST191295
Hubbard Brook ,11/18/2019,11/18/2019,3,W3-05,ST191335
Hubbard Brook ,11/25/2019,11/25/2019,3,W3-05,ST191375
Hubbard Brook ,12/3/2019,12/3/2019,3,W3-05,ST191415
Hubbard Brook ,3/25/2019,3/25/2019,4,W4-01,ST190016
Hubbard Brook ,4/1/2019,4/1/2019,4,W4-01,ST190056
Hubbard Brook ,4/8/2019,4/8/2019,4,W4-01,
Hubbard Brook ,4/15/2019,4/15/2019,4,W4-01,ST190096
Hubbard Brook ,4/22/2019,4/22/2019,4,W4-01,ST190136
Hubbard Brook ,4/29/2019,4/29/2019,4,W4-01,ST190176
Hubbard Brook ,5/6/2019,5/6/2019,4,W4-01,ST190216
Hubbard Brook ,5/13/2019,5/13/2019,4,W4-01,ST190256
Hubbard Brook ,5/20/2019,5/20/2019,4,W4-01,ST190296
Hubbard Brook ,5/28/2019,5/28/2019,4,W4-01,ST190336
Hubbard Brook ,6/2/2019,6/2/2019,4,W4-01,ST190376
Hubbard Brook ,6/10/2019,6/10/2019,4,W4-01,ST190416
Hubbard Brook ,6/17/2019,6/17/2019,4,W4-01,ST190456
Hubbard Brook ,6/24/2019,6/24/2019,4,W4-01,ST190496
Hubbard Brook ,7/1/2019,7/1/2019,4,W4-01,ST190536
Hubbard Brook ,7/8/2019,7/8/2019,4,W4-01,ST190576
Hubbard Brook ,7/15/2019,7/15/2019,4,W4-01,ST190616
Hubbard Brook ,7/22/2019,7/22/2019,4,W4-01,ST190656
Hubbard Brook ,7/29/2019,7/29/2019,4,W4-01,ST190696
Hubbard Brook ,8/5/2019,8/5/2019,4,W4-01,ST190736
Hubbard Brook ,8/12/2019,8/12/2019,4,W4-01,ST190776
Hubbard Brook ,8/19/2019,8/19/2019,4,W4-01,ST190816
Hubbard Brook ,8/26/2019,8/26/2019,4,W4-01,ST190856
Hubbard Brook ,9/3/2019,9/3/2019,4,W4-01,ST190896
Hubbard Brook ,9/9/2019,9/9/2019,4,W4-01,ST190936
Hubbard Brook ,9/16/2019,9/16/2019,4,W4-01,ST191976
Hubbard Brook ,9/23/2019,9/23/2019,4,W4-01,ST191016
Hubbard Brook ,9/30/2019,9/30/2019,4,W4-01,ST191056
Hubbard Brook ,10/7/2019,10/7/2019,4,W4-01,ST191096
Hubbard Brook ,10/15/2019,10/15/2019,4,W4-01,ST191136
Hubbard Brook ,10/21/2019,10/21/2019,4,W4-01,ST191176
Hubbard Brook ,10/28/2019,10/28/2019,4,W4-01,ST191216
Hubbard Brook ,11/4/2019,11/4/2019,4,W4-01,ST191256
Hubbard Brook ,11/11/2019,11/11/2019,4,W4-01,ST191296
Hubbard Brook ,11/18/2019,11/18/2019,4,W4-01,ST191336
Hubbard Brook ,11/25/2019,11/25/2019,4,W4-01,ST191376
Hubbard Brook ,12/3/2019,12/3/2019,4,W4-01,ST191416
Hubbard Brook ,3/25/2019,3/25/2019,4,W4-02,ST190017
Hubbard Brook ,4/1/2019,4/1/2019,4,W4-02,ST190057
Hubbard Brook ,4/8/2019,4/8/2019,4,W4-02,
Hubbard Brook ,4/15/2019,4/15/2019,4,W4-02,ST190097
Hubbard Brook ,4/22/2019,4/22/2019,4,W4-02,ST190137
Hubbard Brook ,4/29/2019,4/29/2019,4,W4-02,ST190177
Hubbard Brook ,5/6/2019,5/6/2019,4,W4-02,ST190217
Hubbard Brook ,5/13/2019,5/13/2019,4,W4-02,ST190257
Hubbard Brook ,5/20/2019,5/20/2019,4,W4-02,ST190297
Hubbard Brook ,5/28/2019,5/28/2019,4,W4-02,ST190337
Hubbard Brook ,6/2/2019,6/2/2019,4,W4-02,ST190377
Hubbard Brook ,6/10/2019,6/10/2019,4,W4-02,ST190417
Hubbard Brook ,6/17/2019,6/17/2019,4,W4-02,ST190457
Hubbard Brook ,6/24/2019,6/24/2019,4,W4-02,ST190497
Hubbard Brook ,7/1/2019,7/1/2019,4,W4-02,ST190537
Hubbard Brook ,7/8/2019,7/8/2019,4,W4-02,ST190577
Hubbard Brook ,7/15/2019,7/15/2019,4,W4-02,ST190617
Hubbard Brook ,7/22/2019,7/22/2019,4,W4-02,ST190657
Hubbard Brook ,7/29/2019,7/29/2019,4,W4-02,ST190697
Hubbard Brook ,8/5/2019,8/5/2019,4,W4-02,ST190737
Hubbard Brook ,8/12/2019,8/12/2019,4,W4-02,ST190777
Hubbard Brook ,8/19/2019,8/19/2019,4,W4-02,ST190817
Hubbard Brook ,8/26/2019,8/26/2019,4,W4-02,ST190857
Hubbard Brook ,9/3/2019,9/3/2019,4,W4-02,ST190897
Hubbard Brook ,9/9/2019,9/9/2019,4,W4-02,ST190937
Hubbard Brook ,9/16/2019,9/16/2019,4,W4-02,ST191977
Hubbard Brook ,9/23/2019,9/23/2019,4,W4-02,ST191017
Hubbard Brook ,9/30/2019,9/30/2019,4,W4-02,ST191057
Hubbard Brook ,10/7/2019,10/7/2019,4,W4-02,ST191097
Hubbard Brook ,10/15/2019,10/15/2019,4,W4-02,ST191137
Hubbard Brook ,10/21/2019,10/21/2019,4,W4-02,ST191177
Hubbard Brook ,10/28/2019,10/28/2019,4,W4-02,ST191217
Hubbard Brook ,11/4/2019,11/4/2019,4,W4-02,ST191257
Hubbard Brook ,11/11/2019,11/11/2019,4,W4-02,ST191297
Hubbard Brook ,11/18/2019,11/18/2019,4,W4-02,ST191337
Hubbard Brook ,11/25/2019,11/25/2019,4,W4-02,ST191377
Hubbard Brook ,12/3/2019,12/3/2019,4,W4-02,ST191417
Hubbard Brook ,3/25/2019,3/25/2019,4,W4-03,ST190018
Hubbard Brook ,4/1/2019,4/1/2019,4,W4-03,ST190058
Hubbard Brook ,4/8/2019,4/8/2019,4,W4-03,
Hubbard Brook ,4/15/2019,4/15/2019,4,W4-03,ST190098
Hubbard Brook ,4/22/2019,4/22/2019,4,W4-03,ST190138
Hubbard Brook ,4/29/2019,4/29/2019,4,W4-03,ST190178
Hubbard Brook ,5/6/2019,5/6/2019,4,W4-03,ST190218
Hubbard Brook ,5/13/2019,5/13/2019,4,W4-03,ST190258
Hubbard Brook ,5/20/2019,5/20/2019,4,W4-03,ST190298
Hubbard Brook ,5/28/2019,5/28/2019,4,W4-03,ST190338
Hubbard Brook ,6/2/2019,6/2/2019,4,W4-03,ST190378
Hubbard Brook ,6/10/2019,6/10/2019,4,W4-03,ST190418
Hubbard Brook ,6/17/2019,6/17/2019,4,W4-03,ST190458
Hubbard Brook ,6/24/2019,6/24/2019,4,W4-03,ST190498
Hubbard Brook ,7/1/2019,7/1/2019,4,W4-03,ST190538
Hubbard Brook ,7/8/2019,7/8/2019,4,W4-03,ST190578
Hubbard Brook ,7/15/2019,7/15/2019,4,W4-03,ST190618
Hubbard Brook ,7/22/2019,7/22/2019,4,W4-03,ST190658
Hubbard Brook ,7/29/2019,7/29/2019,4,W4-03,ST190698
Hubbard Brook ,8/5/2019,8/5/2019,4,W4-03,ST190738
Hubbard Brook ,8/12/2019,8/12/2019,4,W4-03,ST190778
Hubbard Brook ,8/19/2019,8/19/2019,4,W4-03,ST190818
Hubbard Brook ,8/26/2019,8/26/2019,4,W4-03,ST190858
Hubbard Brook ,9/3/2019,9/3/2019,4,W4-03,ST190898
Hubbard Brook ,9/9/2019,9/9/2019,4,W4-03,ST190938
Hubbard Brook ,9/16/2019,9/16/2019,4,W4-03,ST191978
Hubbard Brook ,9/23/2019,9/23/2019,4,W4-03,ST191018
Hubbard Brook ,9/30/2019,9/30/2019,4,W4-03,ST191058
Hubbard Brook ,10/7/2019,10/7/2019,4,W4-03,ST191098
Hubbard Brook ,10/15/2019,10/15/2019,4,W4-03,ST191138
Hubbard Brook ,10/21/2019,10/21/2019,4,W4-03,ST191178
Hubbard Brook ,10/28/2019,10/28/2019,4,W4-03,ST191218
Hubbard Brook ,11/4/2019,11/4/2019,4,W4-03,ST191258
Hubbard Brook ,11/11/2019,11/11/2019,4,W4-03,ST191298
Hubbard Brook ,11/18/2019,11/18/2019,4,W4-03,ST191338
Hubbard Brook ,11/25/2019,11/25/2019,4,W4-03,ST191378
Hubbard Brook ,12/3/2019,12/3/2019,4,W4-03,ST191418
Hubbard Brook ,3/25/2019,3/25/2019,4,W4-04,ST190019
Hubbard Brook ,4/1/2019,4/1/2019,4,W4-04,ST190059
Hubbard Brook ,4/8/2019,4/8/2019,4,W4-04,
Hubbard Brook ,4/15/2019,4/15/2019,4,W4-04,ST190099
Hubbard Brook ,4/22/2019,4/22/2019,4,W4-04,ST190139
Hubbard Brook ,4/29/2019,4/29/2019,4,W4-04,ST190179
Hubbard Brook ,5/6/2019,5/6/2019,4,W4-04,ST190219
Hubbard Brook ,5/13/2019,5/13/2019,4,W4-04,ST190259
Hubbard Brook ,5/20/2019,5/20/2019,4,W4-04,ST190299
Hubbard Brook ,5/28/2019,5/28/2019,4,W4-04,ST190339
Hubbard Brook ,6/2/2019,6/2/2019,4,W4-04,ST190379
Hubbard Brook ,6/10/2019,6/10/2019,4,W4-04,ST190419
Hubbard Brook ,6/17/2019,6/17/2019,4,W4-04,ST190459
Hubbard Brook ,6/24/2019,6/24/2019,4,W4-04,ST190499
Hubbard Brook ,7/1/2019,7/1/2019,4,W4-04,ST190539
Hubbard Brook ,7/8/2019,7/8/2019,4,W4-04,ST190579
Hubbard Brook ,7/15/2019,7/15/2019,4,W4-04,ST190619
Hubbard Brook ,7/22/2019,7/22/2019,4,W4-04,ST190659
Hubbard Brook ,7/29/2019,7/29/2019,4,W4-04,ST190699
Hubbard Brook ,8/5/2019,8/5/2019,4,W4-04,ST190739
Hubbard Brook ,8/12/2019,8/12/2019,4,W4-04,ST190779
Hubbard Brook ,8/19/2019,8/19/2019,4,W4-04,ST190819
Hubbard Brook ,8/26/2019,8/26/2019,4,W4-04,ST190859
Hubbard Brook ,9/3/2019,9/3/2019,4,W4-04,ST190899
Hubbard Brook ,9/9/2019,9/9/2019,4,W4-04,ST190939
Hubbard Brook ,9/16/2019,9/16/2019,4,W4-04,ST191979
Hubbard Brook ,9/23/2019,9/23/2019,4,W4-04,ST191019
Hubbard Brook ,9/30/2019,9/30/2019,4,W4-04,ST191059
Hubbard Brook ,10/7/2019,10/7/2019,4,W4-04,ST191099
Hubbard Brook ,10/15/2019,10/15/2019,4,W4-04,ST191139
Hubbard Brook ,10/21/2019,10/21/2019,4,W4-04,ST191179
Hubbard Brook ,10/28/2019,10/28/2019,4,W4-04,ST191219
Hubbard Brook ,11/4/2019,11/4/2019,4,W4-04,ST191259
Hubbard Brook ,11/11/2019,11/11/2019,4,W4-04,ST191299
Hubbard Brook ,11/18/2019,11/18/2019,4,W4-04,ST191339
Hubbard Brook ,11/25/2019,11/25/2019,4,W4-04,ST191379
Hubbard Brook ,12/3/2019,12/3/2019,4,W4-04,ST191419
Hubbard Brook ,3/25/2019,3/25/2019,4,W4-05,ST190020
Hubbard Brook ,4/1/2019,4/1/2019,4,W4-05,ST190060
Hubbard Brook ,4/8/2019,4/8/2019,4,W4-05,
Hubbard Brook ,4/15/2019,4/15/2019,4,W4-05,ST190100
Hubbard Brook ,4/22/2019,4/22/2019,4,W4-05,ST190140
Hubbard Brook ,4/29/2019,4/29/2019,4,W4-05,ST190180
Hubbard Brook ,5/6/2019,5/6/2019,4,W4-05,ST190220
Hubbard Brook ,5/13/2019,5/13/2019,4,W4-05,ST190260
Hubbard Brook ,5/20/2019,5/20/2019,4,W4-05,ST190300
Hubbard Brook ,5/28/2019,5/28/2019,4,W4-05,ST190340
Hubbard Brook ,6/2/2019,6/2/2019,4,W4-05,ST190380
Hubbard Brook ,6/10/2019,6/10/2019,4,W4-05,ST190420
Hubbard Brook ,6/17/2019,6/17/2019,4,W4-05,ST190460
Hubbard Brook ,6/24/2019,6/24/2019,4,W4-05,ST190500
Hubbard Brook ,7/1/2019,7/1/2019,4,W4-05,ST190540
Hubbard Brook ,7/8/2019,7/8/2019,4,W4-05,ST190580
Hubbard Brook ,7/15/2019,7/15/2019,4,W4-05,ST190620
Hubbard Brook ,7/22/2019,7/22/2019,4,W4-05,ST190660
Hubbard Brook ,7/29/2019,7/29/2019,4,W4-05,ST190700
Hubbard Brook ,8/5/2019,8/5/2019,4,W4-05,ST190740
Hubbard Brook ,8/12/2019,8/12/2019,4,W4-05,ST190780
Hubbard Brook ,8/19/2019,8/19/2019,4,W4-05,ST190820
Hubbard Brook ,8/26/2019,8/26/2019,4,W4-05,ST190860
Hubbard Brook ,9/3/2019,9/3/2019,4,W4-05,ST190900
Hubbard Brook ,9/9/2019,9/9/2019,4,W4-05,ST190940
Hubbard Brook ,9/16/2019,9/16/2019,4,W4-05,ST191980
Hubbard Brook ,9/23/2019,9/23/2019,4,W4-05,ST191020
Hubbard Brook ,9/30/2019,9/30/2019,4,W4-05,ST191060
Hubbard Brook ,10/7/2019,10/7/2019,4,W4-05,ST191100
Hubbard Brook ,10/15/2019,10/15/2019,4,W4-05,ST191140
Hubbard Brook ,10/21/2019,10/21/2019,4,W4-05,ST191180
Hubbard Brook ,10/28/2019,10/28/2019,4,W4-05,ST191220
Hubbard Brook ,11/4/2019,11/4/2019,4,W4-05,ST191260
Hubbard Brook ,11/11/2019,11/11/2019,4,W4-05,ST191300
Hubbard Brook ,11/18/2019,11/18/2019,4,W4-05,ST191340
Hubbard Brook ,11/25/2019,11/25/2019,4,W4-05,ST191380
Hubbard Brook ,12/3/2019,12/3/2019,4,W4-05,ST191420
Hubbard Brook ,3/25/2019,3/25/2019,5,W5-01,ST190021
Hubbard Brook ,4/1/2019,4/1/2019,5,W5-01,ST190061
Hubbard Brook ,4/8/2019,4/8/2019,5,W5-01,
Hubbard Brook ,4/15/2019,4/15/2019,5,W5-01,ST190101
Hubbard Brook ,4/22/2019,4/22/2019,5,W5-01,ST190141
Hubbard Brook ,4/29/2019,4/29/2019,5,W5-01,ST190181
Hubbard Brook ,5/6/2019,5/6/2019,5,W5-01,ST190221
Hubbard Brook ,5/13/2019,5/13/2019,5,W5-01,ST190261
Hubbard Brook ,5/20/2019,5/20/2019,5,W5-01,ST190301
Hubbard Brook ,5/28/2019,5/28/2019,5,W5-01,ST190341
Hubbard Brook ,6/2/2019,6/2/2019,5,W5-01,ST190381
Hubbard Brook ,6/10/2019,6/10/2019,5,W5-01,ST190421
Hubbard Brook ,6/17/2019,6/17/2019,5,W5-01,ST190461
Hubbard Brook ,6/24/2019,6/24/2019,5,W5-01,ST190501
Hubbard Brook ,7/1/2019,7/1/2019,5,W5-01,ST190541
Hubbard Brook ,7/8/2019,7/8/2019,5,W5-01,ST190581
Hubbard Brook ,7/15/2019,7/15/2019,5,W5-01,ST190621
Hubbard Brook ,7/22/2019,7/22/2019,5,W5-01,ST190661
Hubbard Brook ,7/29/2019,7/29/2019,5,W5-01,ST190701
Hubbard Brook ,8/5/2019,8/5/2019,5,W5-01,ST190741
Hubbard Brook ,8/12/2019,8/12/2019,5,W5-01,ST190781
Hubbard Brook ,8/19/2019,8/19/2019,5,W5-01,ST190821
Hubbard Brook ,8/26/2019,8/26/2019,5,W5-01,ST190861
Hubbard Brook ,9/3/2019,9/3/2019,5,W5-01,ST190901
Hubbard Brook ,9/9/2019,9/9/2019,5,W5-01,ST190941
Hubbard Brook ,9/16/2019,9/16/2019,5,W5-01,ST191981
Hubbard Brook ,9/23/2019,9/23/2019,5,W5-01,ST191021
Hubbard Brook ,9/30/2019,9/30/2019,5,W5-01,ST191061
Hubbard Brook ,10/7/2019,10/7/2019,5,W5-01,ST191101
Hubbard Brook ,10/15/2019,10/15/2019,5,W5-01,ST191141
Hubbard Brook ,10/21/2019,10/21/2019,5,W5-01,ST191181
Hubbard Brook ,10/28/2019,10/28/2019,5,W5-01,ST191221
Hubbard Brook ,11/4/2019,11/4/2019,5,W5-01,ST191261
Hubbard Brook ,11/11/2019,11/11/2019,5,W5-01,ST191301
Hubbard Brook ,11/18/2019,11/18/2019,5,W5-01,ST191341
Hubbard Brook ,11/25/2019,11/25/2019,5,W5-01,ST191381
Hubbard Brook ,12/3/2019,12/3/2019,5,W5-01,ST191421
Hubbard Brook ,3/25/2019,3/25/2019,5,W5-02,ST190022
Hubbard Brook ,4/1/2019,4/1/2019,5,W5-02,ST190062
Hubbard Brook ,4/8/2019,4/8/2019,5,W5-02,
Hubbard Brook ,4/15/2019,4/15/2019,5,W5-02,ST190102
Hubbard Brook ,4/22/2019,4/22/2019,5,W5-02,ST190142
Hubbard Brook ,4/29/2019,4/29/2019,5,W5-02,ST190182
Hubbard Brook ,5/6/2019,5/6/2019,5,W5-02,ST190222
Hubbard Brook ,5/13/2019,5/13/2019,5,W5-02,ST190262
Hubbard Brook ,5/20/2019,5/20/2019,5,W5-02,ST190302
Hubbard Brook ,5/28/2019,5/28/2019,5,W5-02,ST190342
Hubbard Brook ,6/2/2019,6/2/2019,5,W5-02,ST190382
Hubbard Brook ,6/10/2019,6/10/2019,5,W5-02,ST190422
Hubbard Brook ,6/17/2019,6/17/2019,5,W5-02,ST190462
Hubbard Brook ,6/24/2019,6/24/2019,5,W5-02,ST190502
Hubbard Brook ,7/1/2019,7/1/2019,5,W5-02,ST190542
Hubbard Brook ,7/8/2019,7/8/2019,5,W5-02,ST190582
Hubbard Brook ,7/15/2019,7/15/2019,5,W5-02,ST190622
Hubbard Brook ,7/22/2019,7/22/2019,5,W5-02,ST190662
Hubbard Brook ,7/29/2019,7/29/2019,5,W5-02,ST190702
Hubbard Brook ,8/5/2019,8/5/2019,5,W5-02,ST190742
Hubbard Brook ,8/12/2019,8/12/2019,5,W5-02,ST190782
Hubbard Brook ,8/19/2019,8/19/2019,5,W5-02,ST190822
Hubbard Brook ,8/26/2019,8/26/2019,5,W5-02,ST190862
Hubbard Brook ,9/3/2019,9/3/2019,5,W5-02,ST190902
Hubbard Brook ,9/9/2019,9/9/2019,5,W5-02,ST190942
Hubbard Brook ,9/16/2019,9/16/2019,5,W5-02,ST191982
Hubbard Brook ,9/23/2019,9/23/2019,5,W5-02,ST191022
Hubbard Brook ,9/30/2019,9/30/2019,5,W5-02,ST191062
Hubbard Brook ,10/7/2019,10/7/2019,5,W5-02,ST191102
Hubbard Brook ,10/15/2019,10/15/2019,5,W5-02,ST191142
Hubbard Brook ,10/21/2019,10/21/2019,5,W5-02,ST191182
Hubbard Brook ,10/28/2019,10/28/2019,5,W5-02,ST191222
Hubbard Brook ,11/4/2019,11/4/2019,5,W5-02,ST191262
Hubbard Brook ,11/11/2019,11/11/2019,5,W5-02,ST191302
Hubbard Brook ,11/18/2019,11/18/2019,5,W5-02,ST191342
Hubbard Brook ,11/25/2019,11/25/2019,5,W5-02,ST191382
Hubbard Brook ,12/3/2019,12/3/2019,5,W5-02,ST191422
Hubbard Brook ,3/25/2019,3/25/2019,5,W5-03,ST190023
Hubbard Brook ,4/1/2019,4/1/2019,5,W5-03,ST190063
Hubbard Brook ,4/8/2019,4/8/2019,5,W5-03,
Hubbard Brook ,4/15/2019,4/15/2019,5,W5-03,ST190103
Hubbard Brook ,4/22/2019,4/22/2019,5,W5-03,ST190143
Hubbard Brook ,4/29/2019,4/29/2019,5,W5-03,ST190183
Hubbard Brook ,5/6/2019,5/6/2019,5,W5-03,ST190223
Hubbard Brook ,5/13/2019,5/13/2019,5,W5-03,ST190263
Hubbard Brook ,5/20/2019,5/20/2019,5,W5-03,ST190303
Hubbard Brook ,5/28/2019,5/28/2019,5,W5-03,ST190343
Hubbard Brook ,6/2/2019,6/2/2019,5,W5-03,ST190383
Hubbard Brook ,6/10/2019,6/10/2019,5,W5-03,ST190423
Hubbard Brook ,6/17/2019,6/17/2019,5,W5-03,ST190463
Hubbard Brook ,6/24/2019,6/24/2019,5,W5-03,ST190503
Hubbard Brook ,7/1/2019,7/1/2019,5,W5-03,ST190543
Hubbard Brook ,7/8/2019,7/8/2019,5,W5-03,ST190583
Hubbard Brook ,7/15/2019,7/15/2019,5,W5-03,ST190623
Hubbard Brook ,7/22/2019,7/22/2019,5,W5-03,ST190663
Hubbard Brook ,7/29/2019,7/29/2019,5,W5-03,ST190703
Hubbard Brook ,8/5/2019,8/5/2019,5,W5-03,ST190743
Hubbard Brook ,8/12/2019,8/12/2019,5,W5-03,ST190783
Hubbard Brook ,8/19/2019,8/19/2019,5,W5-03,ST190823
Hubbard Brook ,8/26/2019,8/26/2019,5,W5-03,ST190863
Hubbard Brook ,9/3/2019,9/3/2019,5,W5-03,ST190903
Hubbard Brook ,9/9/2019,9/9/2019,5,W5-03,ST190943
Hubbard Brook ,9/16/2019,9/16/2019,5,W5-03,ST191983
Hubbard Brook ,9/23/2019,9/23/2019,5,W5-03,ST191023
Hubbard Brook ,9/30/2019,9/30/2019,5,W5-03,ST191063
Hubbard Brook ,10/7/2019,10/7/2019,5,W5-03,ST191103
Hubbard Brook ,10/15/2019,10/15/2019,5,W5-03,ST191143
Hubbard Brook ,10/21/2019,10/21/2019,5,W5-03,ST191183
Hubbard Brook ,10/28/2019,10/28/2019,5,W5-03,ST191223
Hubbard Brook ,11/4/2019,11/4/2019,5,W5-03,ST191263
Hubbard Brook ,11/11/2019,11/11/2019,5,W5-03,ST191303
Hubbard Brook ,11/18/2019,11/18/2019,5,W5-03,ST191343
Hubbard Brook ,11/25/2019,11/25/2019,5,W5-03,ST191383
Hubbard Brook ,12/3/2019,12/3/2019,5,W5-03,ST191423
Hubbard Brook ,3/25/2019,3/25/2019,5,W5-04,ST190024
Hubbard Brook ,4/1/2019,4/1/2019,5,W5-04,ST190064
Hubbard Brook ,4/8/2019,4/8/2019,5,W5-04,
Hubbard Brook ,4/15/2019,4/15/2019,5,W5-04,ST190104
Hubbard Brook ,4/22/2019,4/22/2019,5,W5-04,ST190144
Hubbard Brook ,4/29/2019,4/29/2019,5,W5-04,ST190184
Hubbard Brook ,5/6/2019,5/6/2019,5,W5-04,ST190224
Hubbard Brook ,5/13/2019,5/13/2019,5,W5-04,ST190264
Hubbard Brook ,5/20/2019,5/20/2019,5,W5-04,ST190304
Hubbard Brook ,5/28/2019,5/28/2019,5,W5-04,ST190344
Hubbard Brook ,6/2/2019,6/2/2019,5,W5-04,ST190384
Hubbard Brook ,6/10/2019,6/10/2019,5,W5-04,ST190424
Hubbard Brook ,6/17/2019,6/17/2019,5,W5-04,ST190464
Hubbard Brook ,6/24/2019,6/24/2019,5,W5-04,ST190504
Hubbard Brook ,7/1/2019,7/1/2019,5,W5-04,ST190544
Hubbard Brook ,7/8/2019,7/8/2019,5,W5-04,ST190584
Hubbard Brook ,7/15/2019,7/15/2019,5,W5-04,ST190624
Hubbard Brook ,7/22/2019,7/22/2019,5,W5-04,ST190664
Hubbard Brook ,7/29/2019,7/29/2019,5,W5-04,ST190704
Hubbard Brook ,8/5/2019,8/5/2019,5,W5-04,ST190744
Hubbard Brook ,8/12/2019,8/12/2019,5,W5-04,ST190784
Hubbard Brook ,8/19/2019,8/19/2019,5,W5-04,ST190824
Hubbard Brook ,8/26/2019,8/26/2019,5,W5-04,ST190864
Hubbard Brook ,9/3/2019,9/3/2019,5,W5-04,ST190904
Hubbard Brook ,9/9/2019,9/9/2019,5,W5-04,ST190944
Hubbard Brook ,9/16/2019,9/16/2019,5,W5-04,ST191984
Hubbard Brook ,9/23/2019,9/23/2019,5,W5-04,ST191024
Hubbard Brook ,9/30/2019,9/30/2019,5,W5-04,ST191064
Hubbard Brook ,10/7/2019,10/7/2019,5,W5-04,ST191104
Hubbard Brook ,10/15/2019,10/15/2019,5,W5-04,ST191144
Hubbard Brook ,10/21/2019,10/21/2019,5,W5-04,ST191184
Hubbard Brook ,10/28/2019,10/28/2019,5,W5-04,ST191224
Hubbard Brook ,11/4/2019,11/4/2019,5,W5-04,ST191264
Hubbard Brook ,11/11/2019,11/11/2019,5,W5-04,ST191304
Hubbard Brook ,11/18/2019,11/18/2019,5,W5-04,ST191344
Hubbard Brook ,11/25/2019,11/25/2019,5,W5-04,ST191384
Hubbard Brook ,12/3/2019,12/3/2019,5,W5-04,ST191424
Hubbard Brook ,3/25/2019,3/25/2019,5,W5-05,ST190025
Hubbard Brook ,4/1/2019,4/1/2019,5,W5-05,ST190065
Hubbard Brook ,4/8/2019,4/8/2019,5,W5-05,
Hubbard Brook ,4/15/2019,4/15/2019,5,W5-05,ST190105
Hubbard Brook ,4/22/2019,4/22/2019,5,W5-05,ST190145
Hubbard Brook ,4/29/2019,4/29/2019,5,W5-05,ST190185
Hubbard Brook ,5/6/2019,5/6/2019,5,W5-05,ST190225
Hubbard Brook ,5/13/2019,5/13/2019,5,W5-05,ST190265
Hubbard Brook ,5/20/2019,5/20/2019,5,W5-05,ST190305
Hubbard Brook ,5/28/2019,5/28/2019,5,W5-05,ST190345
Hubbard Brook ,6/2/2019,6/2/2019,5,W5-05,ST190385
Hubbard Brook ,6/10/2019,6/10/2019,5,W5-05,ST190425
Hubbard Brook ,6/17/2019,6/17/2019,5,W5-05,ST190465
Hubbard Brook ,6/24/2019,6/24/2019,5,W5-05,ST190505
Hubbard Brook ,7/1/2019,7/1/2019,5,W5-05,ST190545
Hubbard Brook ,7/8/2019,7/8/2019,5,W5-05,ST190585
Hubbard Brook ,7/15/2019,7/15/2019,5,W5-05,ST190625
Hubbard Brook ,7/22/2019,7/22/2019,5,W5-05,ST190665
Hubbard Brook ,7/29/2019,7/29/2019,5,W5-05,ST190705
Hubbard Brook ,8/5/2019,8/5/2019,5,W5-05,ST190745
Hubbard Brook ,8/12/2019,8/12/2019,5,W5-05,ST190785
Hubbard Brook ,8/19/2019,8/19/2019,5,W5-05,ST190825
Hubbard Brook ,8/26/2019,8/26/2019,5,W5-05,ST190865
Hubbard Brook ,9/3/2019,9/3/2019,5,W5-05,ST190905
Hubbard Brook ,9/9/2019,9/9/2019,5,W5-05,ST190945
Hubbard Brook ,9/16/2019,9/16/2019,5,W5-05,ST191985
Hubbard Brook ,9/23/2019,9/23/2019,5,W5-05,ST191025
Hubbard Brook ,9/30/2019,9/30/2019,5,W5-05,ST191065
Hubbard Brook ,10/7/2019,10/7/2019,5,W5-05,ST191105
Hubbard Brook ,10/15/2019,10/15/2019,5,W5-05,ST191145
Hubbard Brook ,10/21/2019,10/21/2019,5,W5-05,ST191185
Hubbard Brook ,10/28/2019,10/28/2019,5,W5-05,ST191225
Hubbard Brook ,11/4/2019,11/4/2019,5,W5-05,ST191265
Hubbard Brook ,11/11/2019,11/11/2019,5,W5-05,ST191305
Hubbard Brook ,11/18/2019,11/18/2019,5,W5-05,ST191345
Hubbard Brook ,11/25/2019,11/25/2019,5,W5-05,ST191385
Hubbard Brook ,12/3/2019,12/3/2019,5,W5-05,ST191425
Hubbard Brook ,3/25/2019,3/25/2019,6,W6-01,ST190026
Hubbard Brook ,4/1/2019,4/1/2019,6,W6-01,ST190066
Hubbard Brook ,4/8/2019,4/8/2019,6,W6-01,
Hubbard Brook ,4/15/2019,4/15/2019,6,W6-01,ST190106
Hubbard Brook ,4/22/2019,4/22/2019,6,W6-01,ST190146
Hubbard Brook ,4/29/2019,4/29/2019,6,W6-01,ST190186
Hubbard Brook ,5/6/2019,5/6/2019,6,W6-01,ST190226
Hubbard Brook ,5/13/2019,5/13/2019,6,W6-01,ST190266
Hubbard Brook ,5/20/2019,5/20/2019,6,W6-01,ST190306
Hubbard Brook ,5/28/2019,5/28/2019,6,W6-01,ST190346
Hubbard Brook ,6/2/2019,6/2/2019,6,W6-01,ST190386
Hubbard Brook ,6/10/2019,6/10/2019,6,W6-01,ST190426
Hubbard Brook ,6/17/2019,6/17/2019,6,W6-01,ST190466
Hubbard Brook ,6/24/2019,6/24/2019,6,W6-01,ST190506
Hubbard Brook ,7/1/2019,7/1/2019,6,W6-01,ST190546
Hubbard Brook ,7/8/2019,7/8/2019,6,W6-01,ST190586
Hubbard Brook ,7/15/2019,7/15/2019,6,W6-01,ST190626
Hubbard Brook ,7/22/2019,7/22/2019,6,W6-01,ST190666
Hubbard Brook ,7/29/2019,7/29/2019,6,W6-01,ST190706
Hubbard Brook ,8/5/2019,8/5/2019,6,W6-01,ST190746
Hubbard Brook ,8/12/2019,8/12/2019,6,W6-01,ST190786
Hubbard Brook ,8/19/2019,8/19/2019,6,W6-01,ST190826
Hubbard Brook ,8/26/2019,8/26/2019,6,W6-01,ST190866
Hubbard Brook ,9/3/2019,9/3/2019,6,W6-01,ST190906
Hubbard Brook ,9/9/2019,9/9/2019,6,W6-01,ST190946
Hubbard Brook ,9/16/2019,9/16/2019,6,W6-01,ST191986
Hubbard Brook ,9/23/2019,9/23/2019,6,W6-01,ST191026
Hubbard Brook ,9/30/2019,9/30/2019,6,W6-01,ST191066
Hubbard Brook ,10/7/2019,10/7/2019,6,W6-01,ST191106
Hubbard Brook ,10/15/2019,10/15/2019,6,W6-01,ST191146
Hubbard Brook ,10/21/2019,10/21/2019,6,W6-01,ST191186
Hubbard Brook ,10/28/2019,10/28/2019,6,W6-01,ST191226
Hubbard Brook ,11/4/2019,11/4/2019,6,W6-01,ST191266
Hubbard Brook ,11/11/2019,11/11/2019,6,W6-01,ST191306
Hubbard Brook ,11/18/2019,11/18/2019,6,W6-01,ST191346
Hubbard Brook ,11/25/2019,11/25/2019,6,W6-01,ST191386
Hubbard Brook ,12/3/2019,12/3/2019,6,W6-01,ST191426
Hubbard Brook ,3/25/2019,3/25/2019,6,W6-02,ST190027
Hubbard Brook ,4/1/2019,4/1/2019,6,W6-02,ST190067
Hubbard Brook ,4/8/2019,4/8/2019,6,W6-02,
Hubbard Brook ,4/15/2019,4/15/2019,6,W6-02,ST190107
Hubbard Brook ,4/22/2019,4/22/2019,6,W6-02,ST190147
Hubbard Brook ,4/29/2019,4/29/2019,6,W6-02,ST190187
Hubbard Brook ,5/6/2019,5/6/2019,6,W6-02,ST190227
Hubbard Brook ,5/13/2019,5/13/2019,6,W6-02,ST190267
Hubbard Brook ,5/20/2019,5/20/2019,6,W6-02,ST190307
Hubbard Brook ,5/28/2019,5/28/2019,6,W6-02,ST190347
Hubbard Brook ,6/2/2019,6/2/2019,6,W6-02,ST190387
Hubbard Brook ,6/10/2019,6/10/2019,6,W6-02,ST190427
Hubbard Brook ,6/17/2019,6/17/2019,6,W6-02,ST190467
Hubbard Brook ,6/24/2019,6/24/2019,6,W6-02,ST190507
Hubbard Brook ,7/1/2019,7/1/2019,6,W6-02,ST190547
Hubbard Brook ,7/8/2019,7/8/2019,6,W6-02,ST190587
Hubbard Brook ,7/15/2019,7/15/2019,6,W6-02,ST190627
Hubbard Brook ,7/22/2019,7/22/2019,6,W6-02,ST190667
Hubbard Brook ,7/29/2019,7/29/2019,6,W6-02,ST190707
Hubbard Brook ,8/5/2019,8/5/2019,6,W6-02,ST190747
Hubbard Brook ,8/12/2019,8/12/2019,6,W6-02,ST190787
Hubbard Brook ,8/19/2019,8/19/2019,6,W6-02,ST190827
Hubbard Brook ,8/26/2019,8/26/2019,6,W6-02,ST190867
Hubbard Brook ,9/3/2019,9/3/2019,6,W6-02,ST190907
Hubbard Brook ,9/9/2019,9/9/2019,6,W6-02,ST190947
Hubbard Brook ,9/16/2019,9/16/2019,6,W6-02,ST191987
Hubbard Brook ,9/23/2019,9/23/2019,6,W6-02,ST191027
Hubbard Brook ,9/30/2019,9/30/2019,6,W6-02,ST191067
Hubbard Brook ,10/7/2019,10/7/2019,6,W6-02,ST191107
Hubbard Brook ,10/15/2019,10/15/2019,6,W6-02,ST191147
Hubbard Brook ,10/21/2019,10/21/2019,6,W6-02,ST191187
Hubbard Brook ,10/28/2019,10/28/2019,6,W6-02,ST191227
Hubbard Brook ,11/4/2019,11/4/2019,6,W6-02,ST191267
Hubbard Brook ,11/11/2019,11/11/2019,6,W6-02,ST191307
Hubbard Brook ,11/18/2019,11/18/2019,6,W6-02,ST191347
Hubbard Brook ,11/25/2019,11/25/2019,6,W6-02,ST191387
Hubbard Brook ,12/3/2019,12/3/2019,6,W6-02,ST191427
Hubbard Brook ,3/25/2019,3/25/2019,6,W6-03,ST190028
Hubbard Brook ,4/1/2019,4/1/2019,6,W6-03,ST190068
Hubbard Brook ,4/8/2019,4/8/2019,6,W6-03,
Hubbard Brook ,4/15/2019,4/15/2019,6,W6-03,ST190108
Hubbard Brook ,4/22/2019,4/22/2019,6,W6-03,ST190148
Hubbard Brook ,4/29/2019,4/29/2019,6,W6-03,ST190188
Hubbard Brook ,5/6/2019,5/6/2019,6,W6-03,ST190228
Hubbard Brook ,5/13/2019,5/13/2019,6,W6-03,ST190268
Hubbard Brook ,5/20/2019,5/20/2019,6,W6-03,ST190308
Hubbard Brook ,5/28/2019,5/28/2019,6,W6-03,ST190348
Hubbard Brook ,6/2/2019,6/2/2019,6,W6-03,ST190388
Hubbard Brook ,6/10/2019,6/10/2019,6,W6-03,ST190428
Hubbard Brook ,6/17/2019,6/17/2019,6,W6-03,ST190468
Hubbard Brook ,6/24/2019,6/24/2019,6,W6-03,ST190508
Hubbard Brook ,7/1/2019,7/1/2019,6,W6-03,ST190548
Hubbard Brook ,7/8/2019,7/8/2019,6,W6-03,ST190588
Hubbard Brook ,7/15/2019,7/15/2019,6,W6-03,ST190628
Hubbard Brook ,7/22/2019,7/22/2019,6,W6-03,ST190668
Hubbard Brook ,7/29/2019,7/29/2019,6,W6-03,ST190708
Hubbard Brook ,8/5/2019,8/5/2019,6,W6-03,ST190748
Hubbard Brook ,8/12/2019,8/12/2019,6,W6-03,ST190788
Hubbard Brook ,8/19/2019,8/19/2019,6,W6-03,ST190828
Hubbard Brook ,8/26/2019,8/26/2019,6,W6-03,ST190868
Hubbard Brook ,9/3/2019,9/3/2019,6,W6-03,ST190908
Hubbard Brook ,9/9/2019,9/9/2019,6,W6-03,ST190948
Hubbard Brook ,9/16/2019,9/16/2019,6,W6-03,ST191988
Hubbard Brook ,9/23/2019,9/23/2019,6,W6-03,ST191028
Hubbard Brook ,9/30/2019,9/30/2019,6,W6-03,ST191068
Hubbard Brook ,10/7/2019,10/7/2019,6,W6-03,ST191108
Hubbard Brook ,10/15/2019,10/15/2019,6,W6-03,ST191148
Hubbard Brook ,10/21/2019,10/21/2019,6,W6-03,ST191188
Hubbard Brook ,10/28/2019,10/28/2019,6,W6-03,ST191228
Hubbard Brook ,11/4/2019,11/4/2019,6,W6-03,ST191268
Hubbard Brook ,11/11/2019,11/11/2019,6,W6-03,ST191308
Hubbard Brook ,11/18/2019,11/18/2019,6,W6-03,ST191348
Hubbard Brook ,11/25/2019,11/25/2019,6,W6-03,ST191388
Hubbard Brook ,12/3/2019,12/3/2019,6,W6-03,ST191428
Hubbard Brook ,3/25/2019,3/25/2019,6,W6-04,ST190029
Hubbard Brook ,4/1/2019,4/1/2019,6,W6-04,ST190069
Hubbard Brook ,4/8/2019,4/8/2019,6,W6-04,
Hubbard Brook ,4/15/2019,4/15/2019,6,W6-04,ST190109
Hubbard Brook ,4/22/2019,4/22/2019,6,W6-04,ST190149
Hubbard Brook ,4/29/2019,4/29/2019,6,W6-04,ST190189
Hubbard Brook ,5/6/2019,5/6/2019,6,W6-04,ST190229
Hubbard Brook ,5/13/2019,5/13/2019,6,W6-04,ST190269
Hubbard Brook ,5/20/2019,5/20/2019,6,W6-04,ST190309
Hubbard Brook ,5/28/2019,5/28/2019,6,W6-04,ST190349
Hubbard Brook ,6/2/2019,6/2/2019,6,W6-04,ST190389
Hubbard Brook ,6/10/2019,6/10/2019,6,W6-04,ST190429
Hubbard Brook ,6/17/2019,6/17/2019,6,W6-04,ST190468
Hubbard Brook ,6/24/2019,6/24/2019,6,W6-04,ST190509
Hubbard Brook ,7/1/2019,7/1/2019,6,W6-04,ST190549
Hubbard Brook ,7/8/2019,7/8/2019,6,W6-04,ST190589
Hubbard Brook ,7/15/2019,7/15/2019,6,W6-04,ST190629
Hubbard Brook ,7/22/2019,7/22/2019,6,W6-04,ST190669
Hubbard Brook ,7/29/2019,7/29/2019,6,W6-04,ST190709
Hubbard Brook ,8/5/2019,8/5/2019,6,W6-04,ST190749
Hubbard Brook ,8/12/2019,8/12/2019,6,W6-04,ST190789
Hubbard Brook ,8/19/2019,8/19/2019,6,W6-04,ST190829
Hubbard Brook ,8/26/2019,8/26/2019,6,W6-04,ST190869
Hubbard Brook ,9/3/2019,9/3/2019,6,W6-04,ST190909
Hubbard Brook ,9/9/2019,9/9/2019,6,W6-04,ST190949
Hubbard Brook ,9/16/2019,9/16/2019,6,W6-04,ST191989
Hubbard Brook ,9/23/2019,9/23/2019,6,W6-04,ST191029
Hubbard Brook ,9/30/2019,9/30/2019,6,W6-04,ST191069
Hubbard Brook ,10/7/2019,10/7/2019,6,W6-04,ST191109
Hubbard Brook ,10/15/2019,10/15/2019,6,W6-04,ST191149
Hubbard Brook ,10/21/2019,10/21/2019,6,W6-04,ST191189
Hubbard Brook ,10/28/2019,10/28/2019,6,W6-04,ST191229
Hubbard Brook ,11/4/2019,11/4/2019,6,W6-04,ST191269
Hubbard Brook ,11/11/2019,11/11/2019,6,W6-04,ST191309
Hubbard Brook ,11/18/2019,11/18/2019,6,W6-04,ST191349
Hubbard Brook ,11/25/2019,11/25/2019,6,W6-04,ST191389
Hubbard Brook ,12/3/2019,12/3/2019,6,W6-04,ST191429
Hubbard Brook ,3/25/2019,3/25/2019,6,W6-05,ST190030
Hubbard Brook ,4/1/2019,4/1/2019,6,W6-05,ST190070
Hubbard Brook ,4/8/2019,4/8/2019,6,W6-05,
Hubbard Brook ,4/15/2019,4/15/2019,6,W6-05,ST190110
Hubbard Brook ,4/22/2019,4/22/2019,6,W6-05,ST190150
Hubbard Brook ,4/29/2019,4/29/2019,6,W6-05,ST190190
Hubbard Brook ,5/6/2019,5/6/2019,6,W6-05,ST190230
Hubbard Brook ,5/13/2019,5/13/2019,6,W6-05,ST190270
Hubbard Brook ,5/20/2019,5/20/2019,6,W6-05,ST190310
Hubbard Brook ,5/28/2019,5/28/2019,6,W6-05,ST190350
Hubbard Brook ,6/2/2019,6/2/2019,6,W6-05,ST190390
Hubbard Brook ,6/10/2019,6/10/2019,6,W6-05,
Hubbard Brook ,6/17/2019,6/17/2019,6,W6-05,ST190470
Hubbard Brook ,6/24/2019,6/24/2019,6,W6-05,ST190510
Hubbard Brook ,7/1/2019,7/1/2019,6,W6-05,ST190550
Hubbard Brook ,7/8/2019,7/8/2019,6,W6-05,ST190590
Hubbard Brook ,7/15/2019,7/15/2019,6,W6-05,ST190630
Hubbard Brook ,7/22/2019,7/22/2019,6,W6-05,ST190670
Hubbard Brook ,7/29/2019,7/29/2019,6,W6-05,ST190710
Hubbard Brook ,8/5/2019,8/5/2019,6,W6-05,ST190750
Hubbard Brook ,8/12/2019,8/12/2019,6,W6-05,ST190790
Hubbard Brook ,8/19/2019,8/19/2019,6,W6-05,ST190830
Hubbard Brook ,8/26/2019,8/26/2019,6,W6-05,ST190870
Hubbard Brook ,9/3/2019,9/3/2019,6,W6-05,ST190910
Hubbard Brook ,9/9/2019,9/9/2019,6,W6-05,ST190950
Hubbard Brook ,9/16/2019,9/16/2019,6,W6-05,ST191990
Hubbard Brook ,9/23/2019,9/23/2019,6,W6-05,ST191030
Hubbard Brook ,9/30/2019,9/30/2019,6,W6-05,ST191070
Hubbard Brook ,10/7/2019,10/7/2019,6,W6-05,ST191110
Hubbard Brook ,10/15/2019,10/15/2019,6,W6-05,ST191150
Hubbard Brook ,10/21/2019,10/21/2019,6,W6-05,ST191190
Hubbard Brook ,10/28/2019,10/28/2019,6,W6-05,ST191230
Hubbard Brook ,11/4/2019,11/4/2019,6,W6-05,ST191270
Hubbard Brook ,11/11/2019,11/11/2019,6,W6-05,ST191310
Hubbard Brook ,11/18/2019,11/18/2019,6,W6-05,ST191350
Hubbard Brook ,11/25/2019,11/25/2019,6,W6-05,ST191390
Hubbard Brook ,12/3/2019,12/3/2019,6,W6-05,ST191430
Hubbard Brook ,3/25/2019,3/25/2019,9,W9-01,ST190031
Hubbard Brook ,4/1/2019,4/1/2019,9,W9-01,ST190071
Hubbard Brook ,4/8/2019,4/8/2019,9,W9-01,
Hubbard Brook ,4/15/2019,4/15/2019,9,W9-01,ST190111
Hubbard Brook ,4/22/2019,4/22/2019,9,W9-01,ST190151
Hubbard Brook ,4/29/2019,4/29/2019,9,W9-01,ST190191
Hubbard Brook ,5/6/2019,5/6/2019,9,W9-01,ST190231
Hubbard Brook ,5/13/2019,5/13/2019,9,W9-01,ST190271
Hubbard Brook ,5/20/2019,5/20/2019,9,W9-01,ST190311
Hubbard Brook ,5/28/2019,5/28/2019,9,W9-01,ST190351
Hubbard Brook ,6/2/2019,6/2/2019,9,W9-01,ST190391
Hubbard Brook ,6/10/2019,6/10/2019,9,W9-01,ST190431
Hubbard Brook ,6/17/2019,6/17/2019,9,W9-01,ST190471
Hubbard Brook ,6/24/2019,6/24/2019,9,W9-01,ST190511
Hubbard Brook ,7/1/2019,7/1/2019,9,W9-01,ST190551
Hubbard Brook ,7/8/2019,7/8/2019,9,W9-01,ST190591
Hubbard Brook ,7/15/2019,7/15/2019,9,W9-01,ST190631
Hubbard Brook ,7/22/2019,7/22/2019,9,W9-01,ST190671
Hubbard Brook ,7/29/2019,7/29/2019,9,W9-01,ST190711
Hubbard Brook ,8/5/2019,8/5/2019,9,W9-01,ST190751
Hubbard Brook ,8/12/2019,8/12/2019,9,W9-01,ST190791
Hubbard Brook ,8/19/2019,8/19/2019,9,W9-01,ST190831
Hubbard Brook ,8/26/2019,8/26/2019,9,W9-01,ST190871
Hubbard Brook ,9/3/2019,9/3/2019,9,W9-01,ST190911
Hubbard Brook ,9/9/2019,9/9/2019,9,W9-01,ST190951
Hubbard Brook ,9/16/2019,9/16/2019,9,W9-01,ST191991
Hubbard Brook ,9/23/2019,9/23/2019,9,W9-01,ST191031
Hubbard Brook ,9/30/2019,9/30/2019,9,W9-01,ST191071
Hubbard Brook ,10/7/2019,10/7/2019,9,W9-01,ST191111
Hubbard Brook ,10/15/2019,10/15/2019,9,W9-01,ST191151
Hubbard Brook ,10/21/2019,10/21/2019,9,W9-01,ST191191
Hubbard Brook ,10/28/2019,10/28/2019,9,W9-01,ST191231
Hubbard Brook ,11/4/2019,11/4/2019,9,W9-01,ST191271
Hubbard Brook ,11/11/2019,11/11/2019,9,W9-01,ST191311
Hubbard Brook ,11/18/2019,11/18/2019,9,W9-01,ST191351
Hubbard Brook ,11/25/2019,11/25/2019,9,W9-01,ST191391
Hubbard Brook ,12/3/2019,12/3/2019,9,W9-01,ST191431
Hubbard Brook ,3/25/2019,3/25/2019,9,W9-02,ST190032
Hubbard Brook ,4/1/2019,4/1/2019,9,W9-02,ST190072
Hubbard Brook ,4/8/2019,4/8/2019,9,W9-02,
Hubbard Brook ,4/15/2019,4/15/2019,9,W9-02,ST190112
Hubbard Brook ,4/22/2019,4/22/2019,9,W9-02,ST190152
Hubbard Brook ,4/29/2019,4/29/2019,9,W9-02,ST190192
Hubbard Brook ,5/6/2019,5/6/2019,9,W9-02,ST190232
Hubbard Brook ,5/13/2019,5/13/2019,9,W9-02,ST190272
Hubbard Brook ,5/20/2019,5/20/2019,9,W9-02,ST190312
Hubbard Brook ,5/28/2019,5/28/2019,9,W9-02,ST190352
Hubbard Brook ,6/2/2019,6/2/2019,9,W9-02,ST190392
Hubbard Brook ,6/10/2019,6/10/2019,9,W9-02,ST190432
Hubbard Brook ,6/17/2019,6/17/2019,9,W9-02,ST190472
Hubbard Brook ,6/24/2019,6/24/2019,9,W9-02,ST190512
Hubbard Brook ,7/1/2019,7/1/2019,9,W9-02,ST190552
Hubbard Brook ,7/8/2019,7/8/2019,9,W9-02,ST190592
Hubbard Brook ,7/15/2019,7/15/2019,9,W9-02,ST190632
Hubbard Brook ,7/22/2019,7/22/2019,9,W9-02,ST190672
Hubbard Brook ,7/29/2019,7/29/2019,9,W9-02,ST190712
Hubbard Brook ,8/5/2019,8/5/2019,9,W9-02,ST190752
Hubbard Brook ,8/12/2019,8/12/2019,9,W9-02,ST190792
Hubbard Brook ,8/19/2019,8/19/2019,9,W9-02,ST190832
Hubbard Brook ,8/26/2019,8/26/2019,9,W9-02,ST190872
Hubbard Brook ,9/3/2019,9/3/2019,9,W9-02,ST190912
Hubbard Brook ,9/9/2019,9/9/2019,9,W9-02,ST190952
Hubbard Brook ,9/16/2019,9/16/2019,9,W9-02,ST191992
Hubbard Brook ,9/23/2019,9/23/2019,9,W9-02,ST191032
Hubbard Brook ,9/30/2019,9/30/2019,9,W9-02,ST191072
Hubbard Brook ,10/7/2019,10/7/2019,9,W9-02,ST191112
Hubbard Brook ,10/15/2019,10/15/2019,9,W9-02,ST191152
Hubbard Brook ,10/21/2019,10/21/2019,9,W9-02,ST191192
Hubbard Brook ,10/28/2019,10/28/2019,9,W9-02,ST191232
Hubbard Brook ,11/4/2019,11/4/2019,9,W9-02,ST191272
Hubbard Brook ,11/11/2019,11/11/2019,9,W9-02,ST191312
Hubbard Brook ,11/18/2019,11/18/2019,9,W9-02,ST191352
Hubbard Brook ,11/25/2019,11/25/2019,9,W9-02,ST191392
Hubbard Brook ,12/3/2019,12/3/2019,9,W9-02,ST191432
Hubbard Brook ,3/25/2019,3/25/2019,9,W9-03,ST190033
Hubbard Brook ,4/1/2019,4/1/2019,9,W9-03,ST190073
Hubbard Brook ,4/8/2019,4/8/2019,9,W9-03,
Hubbard Brook ,4/15/2019,4/15/2019,9,W9-03,ST190113
Hubbard Brook ,4/22/2019,4/22/2019,9,W9-03,ST190153
Hubbard Brook ,4/29/2019,4/29/2019,9,W9-03,ST190193
Hubbard Brook ,5/6/2019,5/6/2019,9,W9-03,ST190233
Hubbard Brook ,5/13/2019,5/13/2019,9,W9-03,ST190273
Hubbard Brook ,5/20/2019,5/20/2019,9,W9-03,ST190313
Hubbard Brook ,5/28/2019,5/28/2019,9,W9-03,ST190353
Hubbard Brook ,6/2/2019,6/2/2019,9,W9-03,ST190393
Hubbard Brook ,6/10/2019,6/10/2019,9,W9-03,ST190433
Hubbard Brook ,6/17/2019,6/17/2019,9,W9-03,ST190473
Hubbard Brook ,6/24/2019,6/24/2019,9,W9-03,ST190513
Hubbard Brook ,7/1/2019,7/1/2019,9,W9-03,ST190553
Hubbard Brook ,7/8/2019,7/8/2019,9,W9-03,ST190593
Hubbard Brook ,7/15/2019,7/15/2019,9,W9-03,ST190633
Hubbard Brook ,7/22/2019,7/22/2019,9,W9-03,ST190673
Hubbard Brook ,7/29/2019,7/29/2019,9,W9-03,ST190713
Hubbard Brook ,8/5/2019,8/5/2019,9,W9-03,ST190753
Hubbard Brook ,8/12/2019,8/12/2019,9,W9-03,ST190793
Hubbard Brook ,8/19/2019,8/19/2019,9,W9-03,ST190833
Hubbard Brook ,8/26/2019,8/26/2019,9,W9-03,ST190873
Hubbard Brook ,9/3/2019,9/3/2019,9,W9-03,ST190913
Hubbard Brook ,9/9/2019,9/9/2019,9,W9-03,ST190953
Hubbard Brook ,9/16/2019,9/16/2019,9,W9-03,ST191993
Hubbard Brook ,9/23/2019,9/23/2019,9,W9-03,ST191033
Hubbard Brook ,9/30/2019,9/30/2019,9,W9-03,ST191073
Hubbard Brook ,10/7/2019,10/7/2019,9,W9-03,ST191113
Hubbard Brook ,10/15/2019,10/15/2019,9,W9-03,ST191153
Hubbard Brook ,10/21/2019,10/21/2019,9,W9-03,ST191193
Hubbard Brook ,10/28/2019,10/28/2019,9,W9-03,ST191233
Hubbard Brook ,11/4/2019,11/4/2019,9,W9-03,ST191273
Hubbard Brook ,11/11/2019,11/11/2019,9,W9-03,ST191313
Hubbard Brook ,11/18/2019,11/18/2019,9,W9-03,ST191353
Hubbard Brook ,11/25/2019,11/25/2019,9,W9-03,ST191393
Hubbard Brook ,12/3/2019,12/3/2019,9,W9-03,ST191433
Hubbard Brook ,3/25/2019,3/25/2019,9,W9-04,ST190034
Hubbard Brook ,4/1/2019,4/1/2019,9,W9-04,ST190074
Hubbard Brook ,4/8/2019,4/8/2019,9,W9-04,
Hubbard Brook ,4/15/2019,4/15/2019,9,W9-04,ST190114
Hubbard Brook ,4/22/2019,4/22/2019,9,W9-04,ST190154
Hubbard Brook ,4/29/2019,4/29/2019,9,W9-04,ST190194
Hubbard Brook ,5/6/2019,5/6/2019,9,W9-04,ST190234
Hubbard Brook ,5/13/2019,5/13/2019,9,W9-04,ST190274
Hubbard Brook ,5/20/2019,5/20/2019,9,W9-04,ST190314
Hubbard Brook ,5/28/2019,5/28/2019,9,W9-04,ST190354
Hubbard Brook ,6/2/2019,6/2/2019,9,W9-04,ST190394
Hubbard Brook ,6/10/2019,6/10/2019,9,W9-04,ST190434
Hubbard Brook ,6/17/2019,6/17/2019,9,W9-04,ST190474
Hubbard Brook ,6/24/2019,6/24/2019,9,W9-04,ST190514
Hubbard Brook ,7/1/2019,7/1/2019,9,W9-04,ST190554
Hubbard Brook ,7/8/2019,7/8/2019,9,W9-04,ST190594
Hubbard Brook ,7/15/2019,7/15/2019,9,W9-04,ST190634
Hubbard Brook ,7/22/2019,7/22/2019,9,W9-04,ST190674
Hubbard Brook ,7/29/2019,7/29/2019,9,W9-04,ST190714
Hubbard Brook ,8/5/2019,8/5/2019,9,W9-04,ST190754
Hubbard Brook ,8/12/2019,8/12/2019,9,W9-04,ST190794
Hubbard Brook ,8/19/2019,8/19/2019,9,W9-04,ST190834
Hubbard Brook ,8/26/2019,8/26/2019,9,W9-04,ST190874
Hubbard Brook ,9/3/2019,9/3/2019,9,W9-04,ST190914
Hubbard Brook ,9/9/2019,9/9/2019,9,W9-04,ST190954
Hubbard Brook ,9/16/2019,9/16/2019,9,W9-04,ST191994
Hubbard Brook ,9/23/2019,9/23/2019,9,W9-04,ST191034
Hubbard Brook ,9/30/2019,9/30/2019,9,W9-04,ST191074
Hubbard Brook ,10/7/2019,10/7/2019,9,W9-04,ST191114
Hubbard Brook ,10/15/2019,10/15/2019,9,W9-04,ST191154
Hubbard Brook ,10/21/2019,10/21/2019,9,W9-04,ST191194
Hubbard Brook ,10/28/2019,10/28/2019,9,W9-04,ST191234
Hubbard Brook ,11/4/2019,11/4/2019,9,W9-04,ST191274
Hubbard Brook ,11/11/2019,11/11/2019,9,W9-04,ST191314
Hubbard Brook ,11/18/2019,11/18/2019,9,W9-04,ST191354
Hubbard Brook ,11/25/2019,11/25/2019,9,W9-04,ST191394
Hubbard Brook ,12/3/2019,12/3/2019,9,W9-04,ST191434
Hubbard Brook ,3/25/2019,3/25/2019,9,W9-05,ST190035
Hubbard Brook ,4/1/2019,4/1/2019,9,W9-05,ST190075
Hubbard Brook ,4/8/2019,4/8/2019,9,W9-05,
Hubbard Brook ,4/15/2019,4/15/2019,9,W9-05,ST190115
Hubbard Brook ,4/22/2019,4/22/2019,9,W9-05,ST190155
Hubbard Brook ,4/29/2019,4/29/2019,9,W9-05,ST190195
Hubbard Brook ,5/6/2019,5/6/2019,9,W9-05,ST190235
Hubbard Brook ,5/13/2019,5/13/2019,9,W9-05,ST190275
Hubbard Brook ,5/20/2019,5/20/2019,9,W9-05,ST190315
Hubbard Brook ,5/28/2019,5/28/2019,9,W9-05,ST190355
Hubbard Brook ,6/2/2019,6/2/2019,9,W9-05,ST190395
Hubbard Brook ,6/10/2019,6/10/2019,9,W9-05,ST190435
Hubbard Brook ,6/17/2019,6/17/2019,9,W9-05,ST190475
Hubbard Brook ,6/24/2019,6/24/2019,9,W9-05,ST190515
Hubbard Brook ,7/1/2019,7/1/2019,9,W9-05,ST190555
Hubbard Brook ,7/8/2019,7/8/2019,9,W9-05,ST190595
Hubbard Brook ,7/15/2019,7/15/2019,9,W9-05,ST190635
Hubbard Brook ,7/22/2019,7/22/2019,9,W9-05,ST190675
Hubbard Brook ,7/29/2019,7/29/2019,9,W9-05,ST190715
Hubbard Brook ,8/5/2019,8/5/2019,9,W9-05,ST190755
Hubbard Brook ,8/12/2019,8/12/2019,9,W9-05,ST190795
Hubbard Brook ,8/19/2019,8/19/2019,9,W9-05,ST190835
Hubbard Brook ,8/26/2019,8/26/2019,9,W9-05,ST190875
Hubbard Brook ,9/3/2019,9/3/2019,9,W9-05,ST190915
Hubbard Brook ,9/9/2019,9/9/2019,9,W9-05,ST190955
Hubbard Brook ,9/16/2019,9/16/2019,9,W9-05,ST191995
Hubbard Brook ,9/23/2019,9/23/2019,9,W9-05,ST191035
Hubbard Brook ,9/30/2019,9/30/2019,9,W9-05,ST191075
Hubbard Brook ,10/7/2019,10/7/2019,9,W9-05,ST191115
Hubbard Brook ,10/15/2019,10/15/2019,9,W9-05,ST191155
Hubbard Brook ,10/21/2019,10/21/2019,9,W9-05,ST191195
Hubbard Brook ,10/28/2019,10/28/2019,9,W9-05,ST191235
Hubbard Brook ,11/4/2019,11/4/2019,9,W9-05,ST191275
Hubbard Brook ,11/11/2019,11/11/2019,9,W9-05,ST191315
Hubbard Brook ,11/18/2019,11/18/2019,9,W9-05,ST191355
Hubbard Brook ,11/25/2019,11/25/2019,9,W9-05,ST191395
Hubbard Brook ,12/3/2019,12/3/2019,9,W9-05,ST191435
,,,,,
,,,,,
,,,,,
,,,,,
,,,,,
,,,,,
,,,,,
,,,,,
,,,,,
,,,,,
,,,,,
